FIPS Code,Geography,Year,Program Type,Population,Land Area (Square Miles),Latitude,Longitude,Population Density (Population per Square Mile),Starting pop den. 1970,Starting pop 1970,50-Year Population Growth,10-Year Population Growth
36001,Albany County,1970,Census Base Population,286742,522.8,42.5986896,-73.9843997,548.4736036725326,548.4736036725326,286742.0,,
36001,Albany County,1980,Census Base Population,285909,522.8,42.5986896,-73.9843997,546.88026013772,548.4736036725326,286742.0,,-0.002905050533231965
36001,Albany County,1990,Census Base Population,292812,522.8,42.5986896,-73.9843997,560.0841622035196,548.4736036725326,286742.0,,0.02414404583276497
36001,Albany County,2000,Census Base Population,294601,522.8,42.5986896,-73.9843997,563.5061208875287,548.4736036725326,286742.0,,0.0061097222791415655
36001,Albany County,2010,Census Base Population,304199,522.8,42.5986896,-73.9843997,581.8649579188983,548.4736036725326,286742.0,,0.03257965858907472
36001,Albany County,2020,Census Base Population,314848,522.8,42.5986896,-73.9843997,602.2341239479725,548.4736036725326,286742.0,46.669557373716835,0.03500668969983465
36003,Allegany County,1970,Census Base Population,46458,1029.31,42.2446061,-78.0419281,45.13509049751776,45.13509049751776,46458.0,,
36003,Allegany County,1980,Census Base Population,51742,1029.31,42.2446061,-78.0419281,50.26862655565379,45.13509049751776,46458.0,,0.11373713892117611
36003,Allegany County,1990,Census Base Population,50470,1029.31,42.2446061,-78.0419281,49.03284724718501,45.13509049751776,46458.0,,-0.024583510494375942
36003,Allegany County,2000,Census Base Population,49881,1029.31,42.2446061,-78.0419281,48.4606192497887,45.13509049751776,46458.0,,-0.01167029918763622
36003,Allegany County,2010,Census Base Population,48923,1029.31,42.2446061,-78.0419281,47.529898669982806,45.13509049751776,46458.0,,-0.019205709588821396
36003,Allegany County,2020,Census Base Population,46456,1029.31,42.2446061,-78.0419281,45.13314744829061,45.13509049751776,46458.0,-0.04431332874117444,-0.05042617991537723
36005,Bronx County,1970,Census Base Population,1471701,42.1,40.8506558,-73.8665241,34957.26840855107,34957.26840855107,1471701.0,,
36005,Bronx County,1980,Census Base Population,1168972,42.1,40.8506558,-73.8665241,27766.555819477435,34957.26840855107,1471701.0,,-0.2057000708703738
36005,Bronx County,1990,Census Base Population,1203789,42.1,40.8506558,-73.8665241,28593.56294536817,34957.26840855107,1471701.0,,0.029784289101877547
36005,Bronx County,2000,Census Base Population,1332244,42.1,40.8506558,-73.8665241,31644.75059382423,34957.26840855107,1471701.0,,0.1067088999816413
36005,Bronx County,2010,Census Base Population,1384224,42.1,40.8506558,-73.8665241,32879.42992874109,34957.26840855107,1471701.0,,0.03901687678833607
36005,Bronx County,2020,Census Base Population,1472654,42.1,40.8506558,-73.8665241,34979.90498812351,34957.26840855107,1471701.0,0.02724421350840048,0.06388416903622535
36007,Broome County,1970,Census Base Population,221815,705.77,42.1455623,-75.8404114,314.2879408305822,314.2879408305822,221815.0,,
36007,Broome County,1980,Census Base Population,213648,705.77,42.1455623,-75.8404114,302.7161823256869,314.2879408305822,221815.0,,-0.036818970763924895
36007,Broome County,1990,Census Base Population,212160,705.77,42.1455623,-75.8404114,300.60784674894086,314.2879408305822,221815.0,,-0.006964727027634239
36007,Broome County,2000,Census Base Population,200415,705.77,42.1455623,-75.8404114,283.96644799297223,314.2879408305822,221815.0,,-0.0553591628959276
36007,Broome County,2010,Census Base Population,200670,705.77,42.1455623,-75.8404114,284.3277555010839,314.2879408305822,221815.0,,0.0012723598533043933
36007,Broome County,2020,Census Base Population,198683,705.77,42.1455623,-75.8404114,281.51239072218993,314.2879408305822,221815.0,-82.17045061731503,-0.00990182887327453
36009,Cattaraugus County,1970,Census Base Population,81666,1308.35,42.2234823,-78.6477096,62.41907746398135,62.41907746398135,81666.0,,
36009,Cattaraugus County,1980,Census Base Population,85697,1308.35,42.2234823,-78.6477096,65.50005732411053,62.41907746398135,81666.0,,0.04935958660887028
36009,Cattaraugus County,1990,Census Base Population,84234,1308.35,42.2234823,-78.6477096,64.38185500821646,62.41907746398135,81666.0,,-0.017071776141521874
36009,Cattaraugus County,2000,Census Base Population,83874,1308.35,42.2234823,-78.6477096,64.10669927771622,62.41907746398135,81666.0,,-0.004273808675831612
36009,Cattaraugus County,2010,Census Base Population,80337,1308.35,42.2234823,-78.6477096,61.40329422555127,62.41907746398135,81666.0,,-0.04217039845482509
36009,Cattaraugus County,2020,Census Base Population,77042,1308.35,42.2234823,-78.6477096,58.88485497000038,62.41907746398135,81666.0,-78.52613379714961,-0.041014725468961996
36011,Cayuga County,1970,Census Base Population,77439,691.58,42.8093409,-76.5700777,111.97403048092772,111.97403048092772,77439.0,,
36011,Cayuga County,1980,Census Base Population,79894,691.58,42.8093409,-76.5700777,115.52387287081754,111.97403048092772,77439.0,,0.03170237218972352
36011,Cayuga County,1990,Census Base Population,82313,691.58,42.8093409,-76.5700777,119.02166054541773,111.97403048092772,77439.0,,0.030277617843642825
36011,Cayuga County,2000,Census Base Population,81910,691.58,42.8093409,-76.5700777,118.43893692703664,111.97403048092772,77439.0,,-0.004895945962363175
36011,Cayuga County,2010,Census Base Population,80022,691.58,42.8093409,-76.5700777,115.70895630295844,111.97403048092772,77439.0,,-0.023049688682700523
36011,Cayuga County,2020,Census Base Population,76248,691.58,42.8093409,-76.5700777,110.25188698342924,111.97403048092772,77439.0,-10.80253619767076,-0.047162030441628554
36013,Chautauqua County,1970,Census Base Population,147305,1060.23,42.2894671,-79.421728,138.93683446044727,138.93683446044727,147305.0,,
36013,Chautauqua County,1980,Census Base Population,146925,1060.23,42.2894671,-79.421728,138.57842166322402,138.93683446044727,147305.0,,-0.0025796816129798716
36013,Chautauqua County,1990,Census Base Population,141895,1060.23,42.2894671,-79.421728,133.83416805787422,138.93683446044727,147305.0,,-0.034235153990131016
36013,Chautauqua County,2000,Census Base Population,139698,1060.23,42.2894671,-79.421728,131.7619761749809,138.93683446044727,147305.0,,-0.015483279890059551
36013,Chautauqua County,2010,Census Base Population,134907,1060.23,42.2894671,-79.421728,127.2431453552531,138.93683446044727,147305.0,,-0.03429540866726796
36013,Chautauqua County,2020,Census Base Population,127657,1060.23,42.2894671,-79.421728,120.40500646086227,138.93683446044727,147305.0,-163.1825833287638,-0.05374072509210048
36015,Chemung County,1970,Census Base Population,101537,407.35,42.1384667,-76.7725493,249.2623051429974,249.2623051429974,101537.0,,
36015,Chemung County,1980,Census Base Population,97656,407.35,42.1384667,-76.7725493,239.73487173192584,249.2623051429974,101537.0,,-0.038222519869604184
36015,Chemung County,1990,Census Base Population,95195,407.35,42.1384667,-76.7725493,233.69338406775498,249.2623051429974,101537.0,,-0.025200704513803556
36015,Chemung County,2000,Census Base Population,91119,407.35,42.1384667,-76.7725493,223.68724683932734,249.2623051429974,101537.0,,-0.04281737486212511
36015,Chemung County,2010,Census Base Population,88846,407.35,42.1384667,-76.7725493,218.10727875291516,249.2623051429974,101537.0,,-0.024945401068931835
36015,Chemung County,2020,Census Base Population,84148,407.35,42.1384667,-76.7725493,206.5741990916902,249.2623051429974,101537.0,-84.17798581071446,-0.05287801364158207
36017,Chenango County,1970,Census Base Population,46368,893.55,42.4784565,-75.6130279,51.891891891891895,51.891891891891895,46368.0,,
36017,Chenango County,1980,Census Base Population,49344,893.55,42.4784565,-75.6130279,55.22242739634044,51.891891891891895,46368.0,,0.06418219461697723
36017,Chenango County,1990,Census Base Population,51768,893.55,42.4784565,-75.6130279,57.935202283028374,51.891891891891895,46368.0,,0.04912451361867704
36017,Chenango County,2000,Census Base Population,51356,893.55,42.4784565,-75.6130279,57.47412008281574,51.891891891891895,46368.0,,-0.007958584453716581
36017,Chenango County,2010,Census Base Population,50516,893.55,42.4784565,-75.6130279,56.53404957752784,51.891891891891895,46368.0,,-0.016356414050938548
36017,Chenango County,2020,Census Base Population,47220,893.55,42.4784565,-75.6130279,52.845391975826765,51.891891891891895,46368.0,16.122503176620075,-0.06524665452529892
36019,Clinton County,1970,Census Base Population,72934,1037.85,44.7278943,-73.6686982,70.27412439177145,70.27412439177145,72934.0,,
36019,Clinton County,1980,Census Base Population,80750,1037.85,44.7278943,-73.6686982,77.80507780507781,70.27412439177145,72934.0,,0.1071653824005265
36019,Clinton County,1990,Census Base Population,85969,1037.85,44.7278943,-73.6686982,82.83374283374285,70.27412439177145,72934.0,,0.06463157894736841
36019,Clinton County,2000,Census Base Population,79882,1037.85,44.7278943,-73.6686982,76.96873343932168,70.27412439177145,72934.0,,-0.0708045923530575
36019,Clinton County,2010,Census Base Population,82131,1037.85,44.7278943,-73.6686982,79.13571325336032,70.27412439177145,72934.0,,0.028154027190105405
36019,Clinton County,2020,Census Base Population,79843,1037.85,44.7278943,-73.6686982,76.93115575468518,70.27412439177145,72934.0,89.80756797715516,-0.027857934275730235
36021,Columbia County,1970,Census Base Population,51519,634.71,42.2415027,-73.6723456,81.16935293283547,81.16935293283547,51519.0,,
36021,Columbia County,1980,Census Base Population,59487,634.71,42.2415027,-73.6723456,93.72311764427849,81.16935293283547,51519.0,,0.15466138706108426
36021,Columbia County,1990,Census Base Population,62982,634.71,42.2415027,-73.6723456,99.22956940965165,81.16935293283547,51519.0,,0.05875233244238237
36021,Columbia County,2000,Census Base Population,63074,634.71,42.2415027,-73.6723456,99.37451749617935,81.16935293283547,51519.0,,0.0014607348131212092
36021,Columbia County,2010,Census Base Population,63063,634.71,42.2415027,-73.6723456,99.3571867467032,81.16935293283547,51519.0,,-0.00017439832577607255
36021,Columbia County,2020,Census Base Population,61570,634.71,42.2415027,-73.6723456,97.00493138598729,81.16935293283547,51519.0,103.61328910183532,-0.023674737960452247
36023,Cortland County,1970,Census Base Population,45894,498.76,42.5842136,-76.0704906,92.01620017643756,92.01620017643756,45894.0,,
36023,Cortland County,1980,Census Base Population,48820,498.76,42.5842136,-76.0704906,97.8827492180608,92.01620017643756,45894.0,,0.06375561075521854
36023,Cortland County,1990,Census Base Population,48963,498.76,42.5842136,-76.0704906,98.16946026144839,92.01620017643756,45894.0,,0.0029291274068004914
36023,Cortland County,2000,Census Base Population,48704,498.76,42.5842136,-76.0704906,97.6501724276205,92.01620017643756,45894.0,,-0.0052897085554398215
36023,Cortland County,2010,Census Base Population,49287,498.76,42.5842136,-76.0704906,98.8190712968161,92.01620017643756,45894.0,,0.01197026938239159
36023,Cortland County,2020,Census Base Population,46809,498.76,42.5842136,-76.0704906,93.85074985965194,92.01620017643756,45894.0,9.749522527719028,-0.05027694929697486
36025,Delaware County,1970,Census Base Population,44718,1442.44,42.194917,-75.0016302,31.001636116580237,31.001636116580237,44718.0,,
36025,Delaware County,1980,Census Base Population,46824,1442.44,42.194917,-75.0016302,32.461662183522364,31.001636116580237,44718.0,,0.047095129478062527
36025,Delaware County,1990,Census Base Population,47352,1442.44,42.194917,-75.0016302,32.82770860486398,31.001636116580237,44718.0,,0.011276268580215274
36025,Delaware County,2000,Census Base Population,47894,1442.44,42.194917,-75.0016302,33.203460802529044,31.001636116580237,44718.0,,0.011446190234836966
36025,Delaware County,2010,Census Base Population,47962,1442.44,42.194917,-75.0016302,33.25060314467153,31.001636116580237,44718.0,,0.0014198020628888796
36025,Delaware County,2020,Census Base Population,44308,1442.44,42.194917,-75.0016302,30.717395524250573,31.001636116580237,44718.0,-13.347485781348741,-0.07618531337308702
36027,Dutchess County,1970,Census Base Population,222295,795.63,41.7194303,-73.7516205,279.3949448864422,279.3949448864422,222295.0,,
36027,Dutchess County,1980,Census Base Population,245055,795.63,41.7194303,-73.7516205,308.0012065910034,279.3949448864422,222295.0,,0.10238646843158865
36027,Dutchess County,1990,Census Base Population,259462,795.63,41.7194303,-73.7516205,326.1088697007403,279.3949448864422,222295.0,,0.058790883679174066
36027,Dutchess County,2000,Census Base Population,280032,795.63,41.7194303,-73.7516205,351.962595678896,279.3949448864422,222295.0,,0.07927943205556112
36027,Dutchess County,2010,Census Base Population,297444,795.63,41.7194303,-73.7516205,373.84714000226234,279.3949448864422,222295.0,,0.06217860815906753
36027,Dutchess County,2020,Census Base Population,295911,795.63,41.7194303,-73.7516205,371.9203649937785,279.3949448864422,222295.0,197.9348455447753,-0.005153911324484609
36029,Erie County,1970,Census Base Population,1113491,1042.69,42.7164263,-78.7620327,1067.9022528268229,1067.9022528268229,1113491.0,,
36029,Erie County,1980,Census Base Population,1015472,1042.69,42.7164263,-78.7620327,973.8963642117983,1067.9022528268229,1113491.0,,-0.08802855164523107
36029,Erie County,1990,Census Base Population,968584,1042.69,42.7164263,-78.7620327,928.928061072802,1067.9022528268229,1113491.0,,-0.04617360202940111
36029,Erie County,2000,Census Base Population,950227,1042.69,42.7164263,-78.7620327,911.3226366417631,1067.9022528268229,1113491.0,,-0.01895240887728891
36029,Erie County,2010,Census Base Population,919129,1042.69,42.7164263,-78.7620327,881.4978565057687,1067.9022528268229,1113491.0,,-0.032726916831451854
36029,Erie County,2020,Census Base Population,954236,1042.69,42.7164263,-78.7620327,915.1674994485417,1067.9022528268229,1113491.0,-174.0173248022502,0.038195944203697194
36031,Essex County,1970,Census Base Population,34631,1794.23,44.0638879,-73.7542043,19.301315884808524,19.301315884808524,34631.0,,
36031,Essex County,1980,Census Base Population,36176,1794.23,44.0638879,-73.7542043,20.162409501568916,19.301315884808524,34631.0,,0.04461320781958361
36031,Essex County,1990,Census Base Population,37152,1794.23,44.0638879,-73.7542043,20.706375436816906,19.301315884808524,34631.0,,0.02697921273772667
36031,Essex County,2000,Census Base Population,38893,1794.23,44.0638879,-73.7542043,21.676708114344315,19.301315884808524,34631.0,,0.04686154177433247
36031,Essex County,2010,Census Base Population,39371,1794.23,44.0638879,-73.7542043,21.943117660500604,19.301315884808524,34631.0,,0.0122901293291852
36031,Essex County,2020,Census Base Population,37381,1794.23,44.0638879,-73.7542043,20.83400678842735,19.301315884808524,34631.0,131.9957331264546,-0.05054481725127632
36033,Franklin County,1970,Census Base Population,43931,1629.12,44.5599139,-74.3273735,26.96609212335494,26.96609212335494,43931.0,,
36033,Franklin County,1980,Census Base Population,44929,1629.12,44.5599139,-74.3273735,27.578692791200158,26.96609212335494,43931.0,,0.022717443263299265
36033,Franklin County,1990,Census Base Population,46540,1629.12,44.5599139,-74.3273735,28.567570221960324,26.96609212335494,43931.0,,0.035856573705179286
36033,Franklin County,2000,Census Base Population,51110,1629.12,44.5599139,-74.3273735,31.372765664898843,26.96609212335494,43931.0,,0.09819510098839708
36033,Franklin County,2010,Census Base Population,51597,1629.12,44.5599139,-74.3273735,31.67170005892752,26.96609212335494,43931.0,,0.009528468010174134
36033,Franklin County,2020,Census Base Population,47555,1629.12,44.5599139,-74.3273735,29.190605971321943,26.96609212335494,43931.0,124.14952959730837,-0.07833788786169739
36035,Fulton County,1970,Census Base Population,52637,495.47,43.1061507,-74.4461771,106.23650271459422,106.23650271459422,52637.0,,
36035,Fulton County,1980,Census Base Population,55153,495.47,43.1061507,-74.4461771,111.31450945566834,106.23650271459422,52637.0,,0.047799076695100404
36035,Fulton County,1990,Census Base Population,54191,495.47,43.1061507,-74.4461771,109.37291864290471,106.23650271459422,52637.0,,-0.017442387540115678
36035,Fulton County,2000,Census Base Population,55053,495.47,43.1061507,-74.4461771,111.112680888853,106.23650271459422,52637.0,,0.015906700374600947
36035,Fulton County,2010,Census Base Population,55509,495.47,43.1061507,-74.4461771,112.03301915353099,106.23650271459422,52637.0,,0.008282927360906762
36035,Fulton County,2020,Census Base Population,53324,495.47,43.1061507,-74.4461771,107.62306496861565,106.23650271459422,52637.0,6.383390030755383,-0.039362986182420866
36037,Genesee County,1970,Census Base Population,58722,492.94,43.0102726,-78.1780196,119.12605996673022,119.12605996673022,58722.0,,
36037,Genesee County,1980,Census Base Population,59400,492.94,43.0102726,-78.1780196,120.50148091045564,119.12605996673022,58722.0,,0.011545928272197813
36037,Genesee County,1990,Census Base Population,60060,492.94,43.0102726,-78.1780196,121.84038625390514,119.12605996673022,58722.0,,0.011111111111111112
36037,Genesee County,2000,Census Base Population,60548,492.94,43.0102726,-78.1780196,122.83036475027387,119.12605996673022,58722.0,,0.008125208125208125
36037,Genesee County,2010,Census Base Population,59937,492.94,43.0102726,-78.1780196,121.59086298535318,119.12605996673022,58722.0,,-0.0100911673383101
36037,Genesee County,2020,Census Base Population,58388,492.94,43.0102726,-78.1780196,118.44849271716639,119.12605996673022,58722.0,-2.819791052956087,-0.025843802659459097
36039,Greene County,1970,Census Base Population,33136,647.16,42.2628769,-74.0878112,51.202175659805924,51.202175659805924,33136.0,,
36039,Greene County,1980,Census Base Population,40861,647.16,42.2628769,-74.0878112,63.13894554669634,51.202175659805924,33136.0,,0.23313013037180105
36039,Greene County,1990,Census Base Population,44739,647.16,42.2628769,-74.0878112,69.13128129056184,51.202175659805924,33136.0,,0.09490712415261496
36039,Greene County,2000,Census Base Population,48021,647.16,42.2628769,-74.0878112,74.20267012794363,51.202175659805924,33136.0,,0.073358814457185
36039,Greene County,2010,Census Base Population,49212,647.16,42.2628769,-74.0878112,76.04301872798072,51.202175659805924,33136.0,,0.024801649278440682
36039,Greene County,2020,Census Base Population,47931,647.16,42.2628769,-74.0878112,74.06360096421287,51.202175659805924,33136.0,199.76074356888026,-0.026030236527676175
36041,Hamilton County,1970,Census Base Population,4714,1717.37,43.6307863,-74.4659275,2.744894810087518,2.744894810087518,4714.0,,
36041,Hamilton County,1980,Census Base Population,5034,1717.37,43.6307863,-74.4659275,2.931226235464693,2.744894810087518,4714.0,,0.06788290199406025
36041,Hamilton County,1990,Census Base Population,5279,1717.37,43.6307863,-74.4659275,3.0738862330190933,2.744894810087518,4714.0,,0.048669050456893126
36041,Hamilton County,2000,Census Base Population,5376,1717.37,43.6307863,-74.4659275,3.1303679463365497,2.744894810087518,4714.0,,0.01837469217654859
36041,Hamilton County,2010,Census Base Population,4842,1717.37,43.6307863,-74.4659275,2.819427380238388,2.744894810087518,4714.0,,-0.09933035714285714
36041,Hamilton County,2020,Census Base Population,5107,1717.37,43.6307863,-74.4659275,2.9737330918788616,2.744894810087518,4714.0,132.15711963971017,0.05472945064023131
36043,Herkimer County,1970,Census Base Population,67407,1411.47,43.4911326,-74.9481252,47.75659418903696,47.75659418903696,67407.0,,
36043,Herkimer County,1980,Census Base Population,66714,1411.47,43.4911326,-74.9481252,47.2656166974856,47.75659418903696,67407.0,,-0.010280831367662112
36043,Herkimer County,1990,Census Base Population,65809,1411.47,43.4911326,-74.9481252,46.62444118543079,47.75659418903696,67407.0,,-0.013565368588302306
36043,Herkimer County,2000,Census Base Population,64502,1411.47,43.4911326,-74.9481252,45.698456219402466,47.75659418903696,67407.0,,-0.019860505401996686
36043,Herkimer County,2010,Census Base Population,64469,1411.47,43.4911326,-74.9481252,45.6750763388524,47.75659418903696,67407.0,,-0.0005116120430374252
36043,Herkimer County,2020,Census Base Population,60139,1411.47,43.4911326,-74.9481252,42.60735261819238,47.75659418903696,67407.0,-170.58088694524352,-0.06716406334827592
36045,Jefferson County,1970,Census Base Population,88508,1268.59,44.059311,-75.9995742,69.76879842975272,69.76879842975272,88508.0,,
36045,Jefferson County,1980,Census Base Population,88151,1268.59,44.059311,-75.9995742,69.48738363064506,69.76879842975272,88508.0,,-0.004033533691869661
36045,Jefferson County,1990,Census Base Population,110943,1268.59,44.059311,-75.9995742,87.45378727563674,69.76879842975272,88508.0,,0.2585563408242674
36045,Jefferson County,2000,Census Base Population,111716,1268.59,44.059311,-75.9995742,88.06312520199592,69.76879842975272,88508.0,,0.006967541890880903
36045,Jefferson County,2010,Census Base Population,116234,1268.59,44.059311,-75.9995742,91.62455955036695,69.76879842975272,88508.0,,0.040441834652153674
36045,Jefferson County,2020,Census Base Population,116721,1268.59,44.059311,-75.9995742,92.00845032674071,69.76879842975272,88508.0,306.6348786422323,0.00418982397577301
36047,Kings County,1970,Census Base Population,2602012,70.82,40.6526006,-73.9497211,36741.20304998588,36741.20304998588,2602012.0,,
36047,Kings County,1980,Census Base Population,2231028,70.82,40.6526006,-73.9497211,31502.795820389725,36741.20304998588,2602012.0,,-0.1425758220945945
36047,Kings County,1990,Census Base Population,2300664,70.82,40.6526006,-73.9497211,32486.077379271395,36741.20304998588,2602012.0,,0.031212517279030114
36047,Kings County,2000,Census Base Population,2465689,70.82,40.6526006,-73.9497211,34816.28071166338,36741.20304998588,2602012.0,,0.07172929206524725
36047,Kings County,2010,Census Base Population,2504856,70.82,40.6526006,-73.9497211,35369.33069754307,36741.20304998588,2602012.0,,0.01588480947921656
36047,Kings County,2020,Census Base Population,2736074,70.82,40.6526006,-73.9497211,38634.19937870658,36741.20304998588,2602012.0,3.4700343777251637,0.09230790113283957
36049,Lewis County,1970,Census Base Population,23644,1274.68,43.7344277,-75.440289,18.548969153042332,18.548969153042332,23644.0,,
36049,Lewis County,1980,Census Base Population,25035,1274.68,43.7344277,-75.440289,19.640223428625223,18.548969153042332,23644.0,,0.058830993063779397
36049,Lewis County,1990,Census Base Population,26796,1274.68,43.7344277,-75.440289,21.02174663444943,18.548969153042332,23644.0,,0.07034152186938286
36049,Lewis County,2000,Census Base Population,26946,1274.68,43.7344277,-75.440289,21.139423227790502,18.548969153042332,23644.0,,0.005597850425436633
36049,Lewis County,2010,Census Base Population,27087,1274.68,43.7344277,-75.440289,21.25003922553111,18.548969153042332,23644.0,,0.0052326875974170566
36049,Lewis County,2020,Census Base Population,26582,1274.68,43.7344277,-75.440289,20.85386136128283,18.548969153042332,23644.0,140.88517944473705,-0.01864362978550596
36051,Livingston County,1970,Census Base Population,54041,631.76,42.7360902,-77.7781416,85.5403950867418,85.5403950867418,54041.0,,
36051,Livingston County,1980,Census Base Population,57006,631.76,42.7360902,-77.7781416,90.23363302519944,85.5403950867418,54041.0,,0.05486575007864399
36051,Livingston County,1990,Census Base Population,62372,631.76,42.7360902,-77.7781416,98.72736482208434,85.5403950867418,54041.0,,0.09413044240957093
36051,Livingston County,2000,Census Base Population,64631,631.76,42.7360902,-77.7781416,102.30308978092947,85.5403950867418,54041.0,,0.03621817482203553
36051,Livingston County,2010,Census Base Population,65194,631.76,42.7360902,-77.7781416,103.19425098138534,85.5403950867418,54041.0,,0.008710990082158716
36051,Livingston County,2020,Census Base Population,61834,631.76,42.7360902,-77.7781416,97.87577561099151,85.5403950867418,54041.0,79.62133583465408,-0.05153848513666902
36053,Madison County,1970,Census Base Population,62864,654.84,42.875882,-75.6802581,95.9990226620243,95.9990226620243,62864.0,,
36053,Madison County,1980,Census Base Population,65150,654.84,42.875882,-75.6802581,99.48995174393744,95.9990226620243,62864.0,,0.0363642148129295
36053,Madison County,1990,Census Base Population,69166,654.84,42.875882,-75.6802581,105.62274754138414,95.9990226620243,62864.0,,0.061642363775901765
36053,Madison County,2000,Census Base Population,69420,654.84,42.875882,-75.6802581,106.0106285504856,95.9990226620243,62864.0,,0.0036723245525258075
36053,Madison County,2010,Census Base Population,73457,654.84,42.875882,-75.6802581,112.1754932502596,95.9990226620243,62864.0,,0.05815326995102276
36053,Madison County,2020,Census Base Population,68016,654.84,42.875882,-75.6802581,103.86659336631848,95.9990226620243,62864.0,49.60208892025406,-0.07407054467239338
36055,Monroe County,1970,Census Base Population,711917,657.21,43.150094,-77.6810141,1083.2412775216444,1083.2412775216444,711917.0,,
36055,Monroe County,1980,Census Base Population,702238,657.21,43.150094,-77.6810141,1068.5138692351,1083.2412775216444,711917.0,,-0.013595686013959492
36055,Monroe County,1990,Census Base Population,713968,657.21,43.150094,-77.6810141,1086.3620456170781,1083.2412775216444,711917.0,,0.016703738618531038
36055,Monroe County,2000,Census Base Population,735328,657.21,43.150094,-77.6810141,1118.8630726860515,1083.2412775216444,711917.0,,0.02991730721825068
36055,Monroe County,2010,Census Base Population,744396,657.21,43.150094,-77.6810141,1132.6607933537225,1083.2412775216444,711917.0,,0.012331911745506767
36055,Monroe County,2020,Census Base Population,759443,657.21,43.150094,-77.6810141,1155.5560627501102,1083.2412775216444,711917.0,41.128251178824485,0.020213703458911655
36057,Montgomery County,1970,Census Base Population,55883,403.04,42.8941269,-74.4099745,138.6537316395395,138.6537316395395,55883.0,,
36057,Montgomery County,1980,Census Base Population,53439,403.04,42.8941269,-74.4099745,132.58981738785232,138.6537316395395,55883.0,,-0.04373423044575273
36057,Montgomery County,1990,Census Base Population,51981,403.04,42.8941269,-74.4099745,128.97231044065106,138.6537316395395,55883.0,,-0.027283444675237186
36057,Montgomery County,2000,Census Base Population,49637,403.04,42.8941269,-74.4099745,123.15651052004763,138.6537316395395,55883.0,,-0.04509339951135992
36057,Montgomery County,2010,Census Base Population,50268,403.04,42.8941269,-74.4099745,124.72211194918619,138.6537316395395,55883.0,,0.012712291234361465
36057,Montgomery County,2020,Census Base Population,49532,403.04,42.8941269,-74.4099745,122.89599047240968,138.6537316395395,55883.0,-51.67784543325527,-0.014641521445054508
36059,Nassau County,1970,Census Base Population,1428838,284.72,40.7352994,-73.5615778,5018.39702163529,5018.39702163529,1428838.0,,
36059,Nassau County,1980,Census Base Population,1321582,284.72,40.7352994,-73.5615778,4641.690081483563,5018.39702163529,1428838.0,,-0.07506519283501699
36059,Nassau County,1990,Census Base Population,1287873,284.72,40.7352994,-73.5615778,4523.296572070806,5018.39702163529,1428838.0,,-0.025506551996016896
36059,Nassau County,2000,Census Base Population,1334625,284.72,40.7352994,-73.5615778,4687.5,5018.39702163529,1428838.0,,0.03630171608535935
36059,Nassau County,2010,Census Base Population,1339854,284.72,40.7352994,-73.5615778,4705.865411632481,5018.39702163529,1428838.0,,0.003917954481595954
36059,Nassau County,2020,Census Base Population,1395774,284.72,40.7352994,-73.5615778,4902.2688957572345,5018.39702163529,1428838.0,-6.7446320679422325,0.0417358906268892
36061,New York County,1970,Census Base Population,1539233,22.83,40.7814865,-73.95905442771002,67421.50678931232,67421.50678931232,1539233.0,,
36061,New York County,1980,Census Base Population,1428285,22.83,40.7814865,-73.95905442771002,62561.76084099869,67421.50678931232,1539233.0,,-0.07208005545619149
36061,New York County,1990,Census Base Population,1487536,22.83,40.7814865,-73.95905442771002,65157.07402540517,67421.50678931232,1539233.0,,0.04148401754551788
36061,New York County,2000,Census Base Population,1538096,22.83,40.7814865,-73.95905442771002,67371.70389837933,67421.50678931232,1539233.0,,0.0339890933732024
36061,New York County,2010,Census Base Population,1586609,22.83,40.7814865,-73.95905442771002,69496.67104686816,67421.50678931232,1539233.0,,0.03154094412832489
36061,New York County,2020,Census Base Population,1694251,22.83,40.7814865,-73.95905442771002,74211.60753394656,67421.50678931232,1539233.0,2.088864601525984,0.06784406239974689
36000,New York State,1970,Census Base Population,18241391,522.36,43.2042439,-78.7676017,34921.10996247798,34921.10996247798,18241391.0,,
36000,New York State,1980,Census Base Population,17558165,522.36,43.2042439,-78.7676017,33613.14993491079,34921.10996247798,18241391.0,,-0.03745470945718997
36000,New York State,1990,Census Base Population,17990778,522.36,43.2042439,-78.7676017,34441.33930622559,34921.10996247798,18241391.0,,0.024638850358223652
36000,New York State,2000,Census Base Population,18977026,522.36,43.2042439,-78.7676017,36329.40117926334,34921.10996247798,18241391.0,,0.05481964148520981
36000,New York State,2010,Census Base Population,19378117,522.36,43.2042439,-78.7676017,37097.24519488475,34921.10996247798,18241391.0,,0.021135608919964594
36000,New York State,2020,Census Base Population,20201249,522.36,43.2042439,-78.7676017,38673.03966613064,34921.10996247798,18241391.0,50.6776301247512,0.04247739860379623
36063,Niagara County,1970,Census Base Population,235720,1212.43,43.2144051,-75.4039155,194.4194716395998,194.4194716395998,235720.0,,
36063,Niagara County,1980,Census Base Population,227354,1212.43,43.2144051,-75.4039155,187.51927946355664,194.4194716395998,235720.0,,-0.03549126081791957
36063,Niagara County,1990,Census Base Population,220756,1212.43,43.2144051,-75.4039155,182.07731580379897,194.4194716395998,235720.0,,-0.02902082215399773
36063,Niagara County,2000,Census Base Population,219795,1212.43,43.2144051,-75.4039155,181.2846927245284,194.4194716395998,235720.0,,-0.004353222562467158
36063,Niagara County,2010,Census Base Population,216479,1212.43,43.2144051,-75.4039155,178.54968946660838,194.4194716395998,235720.0,,-0.01508678541368093
36063,Niagara County,2020,Census Base Population,212666,1212.43,43.2144051,-75.4039155,175.40476563595422,194.4194716395998,235720.0,-131.433145025533,-0.017613717727816555
36065,Oneida County,1970,Census Base Population,273070,778.39,43.015598,-76.2257127,350.81385937640516,350.81385937640516,273070.0,,
36065,Oneida County,1980,Census Base Population,253466,778.39,43.015598,-76.2257127,325.62854096275646,350.81385937640516,273070.0,,-0.07179111583110558
36065,Oneida County,1990,Census Base Population,250836,778.39,43.015598,-76.2257127,322.24977196521024,350.81385937640516,273070.0,,-0.010376145124000853
36065,Oneida County,2000,Census Base Population,235516,778.39,43.015598,-76.2257127,302.5681213787433,350.81385937640516,273070.0,,-0.061075762649699404
36065,Oneida County,2010,Census Base Population,234851,778.39,43.015598,-76.2257127,301.71379385655007,350.81385937640516,273070.0,,-0.002823587357122234
36065,Oneida County,2020,Census Base Population,232125,778.39,43.015598,-76.2257127,298.2116933670782,350.81385937640516,273070.0,-137.30179235325792,-0.011607359559891166
36067,Onondaga County,1970,Census Base Population,472835,644.07,42.8580624,-77.295025,734.1360411135435,734.1360411135435,472835.0,,
36067,Onondaga County,1980,Census Base Population,463920,644.07,42.8580624,-77.295025,720.2943779402859,734.1360411135435,472835.0,,-0.018854357228208572
36067,Onondaga County,1990,Census Base Population,468973,644.07,42.8580624,-77.295025,728.1397984691105,734.1360411135435,472835.0,,0.010891964131746854
36067,Onondaga County,2000,Census Base Population,458326,644.07,42.8580624,-77.295025,711.6089866008352,734.1360411135435,472835.0,,-0.022702799521507635
36067,Onondaga County,2010,Census Base Population,467068,644.07,42.8580624,-77.295025,725.1820454298445,734.1360411135435,472835.0,,0.019073759725610154
36067,Onondaga County,2020,Census Base Population,476516,644.07,42.8580624,-77.295025,739.8512584035897,734.1360411135435,472835.0,4.975324375257074,0.020228317932292513
36069,Ontario County,1970,Census Base Population,78849,811.69,41.3873306,-74.2507287,97.14176594512682,97.14176594512682,78849.0,,
36069,Ontario County,1980,Census Base Population,88909,811.69,41.3873306,-74.2507287,109.53566016582685,97.14176594512682,78849.0,,0.12758563837207829
36069,Ontario County,1990,Census Base Population,95101,811.69,41.3873306,-74.2507287,117.16418829848833,97.14176594512682,78849.0,,0.0696442429900235
36069,Ontario County,2000,Census Base Population,100009,811.69,41.3873306,-74.2507287,123.21083172147002,97.14176594512682,78849.0,,0.051608290133647386
36069,Ontario County,2010,Census Base Population,108106,811.69,41.3873306,-74.2507287,133.18631497246486,97.14176594512682,78849.0,,0.08096271335579798
36069,Ontario County,2020,Census Base Population,112458,811.69,41.3873306,-74.2507287,138.54796782022692,97.14176594512682,78849.0,242.5802451581924,0.040256785007307644
36071,Orange County,1970,Census Base Population,221657,391.26,43.2244513,-78.2272835,566.5209834892399,566.5209834892399,221657.0,,
36071,Orange County,1980,Census Base Population,259603,391.26,43.2244513,-78.2272835,663.5050861319838,566.5209834892399,221657.0,,0.17119242794046657
36071,Orange County,1990,Census Base Population,307571,391.26,43.2244513,-78.2272835,786.1038695496601,566.5209834892399,221657.0,,0.18477444405496085
36071,Orange County,2000,Census Base Population,341397,391.26,43.2244513,-78.2272835,872.5578898941881,566.5209834892399,221657.0,,0.10997785877082039
36071,Orange County,2010,Census Base Population,372823,391.26,43.2244513,-78.2272835,952.8778817154833,566.5209834892399,221657.0,,0.09205118967067666
36071,Orange County,2020,Census Base Population,401310,391.26,43.2244513,-78.2272835,1025.6862444410367,566.5209834892399,221657.0,175.15395275472827,0.07640891254026709
36073,Orleans County,1970,Census Base Population,37305,951.65,43.4112973,-76.1279841,39.200336258078075,39.200336258078075,37305.0,,
36073,Orleans County,1980,Census Base Population,38496,951.65,43.4112973,-76.1279841,40.45184679241318,39.200336258078075,37305.0,,0.03192601527945316
36073,Orleans County,1990,Census Base Population,41846,951.65,43.4112973,-76.1279841,43.97204854726002,39.200336258078075,37305.0,,0.08702202826267665
36073,Orleans County,2000,Census Base Population,44184,951.65,43.4112973,-76.1279841,46.42883413019493,39.200336258078075,37305.0,,0.05587152893944463
36073,Orleans County,2010,Census Base Population,42891,951.65,43.4112973,-76.1279841,45.070141333473444,39.200336258078075,37305.0,,-0.029263986963606735
36073,Orleans County,2020,Census Base Population,40343,951.65,43.4112973,-76.1279841,42.39268638680187,39.200336258078075,37305.0,71.6633046625189,-0.05940640227553566
36075,Oswego County,1970,Census Base Population,100897,1001.7,42.5984272,-75.0142701,100.72576619746431,100.72576619746431,100897.0,,
36075,Oswego County,1980,Census Base Population,113901,1001.7,42.5984272,-75.0142701,113.70769691524409,100.72576619746431,100897.0,,0.12888391131549998
36075,Oswego County,1990,Census Base Population,121785,1001.7,42.5984272,-75.0142701,121.57831686133572,100.72576619746431,100897.0,,0.06921800510970053
36075,Oswego County,2000,Census Base Population,122387,1001.7,42.5984272,-75.0142701,122.17929519816312,100.72576619746431,100897.0,,0.004943137496407604
36075,Oswego County,2010,Census Base Population,122109,1001.7,42.5984272,-75.0142701,121.90176699610662,100.72576619746431,100897.0,,-0.002271483082353518
36075,Oswego County,2020,Census Base Population,117525,1001.7,42.5984272,-75.0142701,117.32554657082959,100.72576619746431,100897.0,141.72531461391193,-0.03754023044984399
36077,Otsego County,1970,Census Base Population,56181,230.31,41.426996,-73.760156,243.9364335026703,243.9364335026703,56181.0,,
36077,Otsego County,1980,Census Base Population,59075,230.31,41.426996,-73.760156,256.50210585732276,243.9364335026703,56181.0,,0.0515120770367206
36077,Otsego County,1990,Census Base Population,60390,230.31,41.426996,-73.760156,262.21180148495506,243.9364335026703,56181.0,,0.02225983918747355
36077,Otsego County,2000,Census Base Population,61692,230.31,41.426996,-73.760156,267.8650514523903,243.9364335026703,56181.0,,0.0215598609041232
36077,Otsego County,2010,Census Base Population,62278,230.31,41.426996,-73.760156,270.4094481351222,243.9364335026703,56181.0,,0.009498800492770538
36077,Otsego County,2020,Census Base Population,58524,230.31,41.426996,-73.760156,254.10967825973688,243.9364335026703,56181.0,9.220428029526348,-0.06027810783904428
36079,Putnam County,1970,Census Base Population,56696,108.53,40.7135078,-73.8283132,522.3993365889615,522.3993365889615,56696.0,,
36079,Putnam County,1980,Census Base Population,77193,108.53,40.7135078,-73.8283132,711.2595595687828,522.3993365889615,56696.0,,0.3615246225483279
36079,Putnam County,1990,Census Base Population,83941,108.53,40.7135078,-73.8283132,773.4359163364968,522.3993365889615,56696.0,,0.08741725285971526
36079,Putnam County,2000,Census Base Population,95731,108.53,40.7135078,-73.8283132,882.0694738781904,522.3993365889615,56696.0,,0.14045579633313876
36079,Putnam County,2010,Census Base Population,99633,108.53,40.7135078,-73.8283132,918.0226665438128,522.3993365889615,56696.0,,0.040760046379960516
36079,Putnam County,2020,Census Base Population,97668,108.53,40.7135078,-73.8283132,899.9170736201971,522.3993365889615,56696.0,45.528639472498675,-0.01972238113877932
36081,Queens County,1970,Census Base Population,1987174,652.43,42.7091389,-73.5107732,3045.804147571387,3045.804147571387,1987174.0,,
36081,Queens County,1980,Census Base Population,1891325,652.43,42.7091389,-73.5107732,2898.893367870883,3045.804147571387,1987174.0,,-0.04823382351017073
36081,Queens County,1990,Census Base Population,1951598,652.43,42.7091389,-73.5107732,2991.2756924114465,3045.804147571387,1987174.0,,0.031868134773240984
36081,Queens County,2000,Census Base Population,2229394,652.43,42.7091389,-73.5107732,3417.062366843953,3045.804147571387,1987174.0,,0.1423428390477957
36081,Queens County,2010,Census Base Population,2230511,652.43,42.7091389,-73.5107732,3418.774427907975,3045.804147571387,1987174.0,,0.0005010330161469888
36081,Queens County,2020,Census Base Population,2405464,652.43,42.7091389,-73.5107732,3686.9303986634586,3045.804147571387,1987174.0,113.45210100837093,0.07843628657289742
36083,Rensselaer County,1970,Census Base Population,152510,46823.75,42.91393175,-76.77989968178733,3.257107771163138,3.257107771163138,152510.0,,
36083,Rensselaer County,1980,Census Base Population,151966,46823.75,42.91393175,-76.77989968178733,3.2454897354440857,3.257107771163138,152510.0,,-0.003566979214477739
36083,Rensselaer County,1990,Census Base Population,154429,46823.75,42.91393175,-76.77989968178733,3.2980912464294296,3.257107771163138,152510.0,,0.01620757274653541
36083,Rensselaer County,2000,Census Base Population,152553,46823.75,42.91393175,-76.77989968178733,3.258026108545343,3.257107771163138,152510.0,,-0.012147977387666825
36083,Rensselaer County,2010,Census Base Population,159435,46823.75,42.91393175,-76.77989968178733,3.405002803064684,3.257107771163138,152510.0,,0.04511219051739396
36083,Rensselaer County,2020,Census Base Population,161130,46823.75,42.91393175,-76.77989968178733,3.441202381270189,3.257107771163138,152510.0,2504.9384037733507,0.010631291748988615
36085,Richmond County,1970,Census Base Population,295443,58.37,40.5834557,-74.1496048,5061.555593626863,5061.555593626863,295443.0,,
36085,Richmond County,1980,Census Base Population,352029,58.37,40.5834557,-74.1496048,6030.991947918452,5061.555593626863,295443.0,,0.1915293305307623
36085,Richmond County,1990,Census Base Population,378977,58.37,40.5834557,-74.1496048,6492.6674661641255,5061.555593626863,295443.0,,0.07655051146354419
36085,Richmond County,2000,Census Base Population,443762,58.37,40.5834557,-74.1496048,7602.5698132602365,5061.555593626863,295443.0,,0.17094704955709714
36085,Richmond County,2010,Census Base Population,468730,58.37,40.5834557,-74.1496048,8030.3237964707905,5061.555593626863,295443.0,,0.056264393976951606
36085,Richmond County,2020,Census Base Population,495747,58.37,40.5834557,-74.1496048,8493.181428816173,5061.555593626863,295443.0,23.58409527440408,0.057638725918972546
36087,Rockland County,1970,Census Base Population,229903,173.55,41.1519319,-74.0357266,1324.7075770671274,1324.7075770671274,229903.0,,
36087,Rockland County,1980,Census Base Population,259530,173.55,41.1519319,-74.0357266,1495.419187554019,1324.7075770671274,229903.0,,0.1288673919000622
36087,Rockland County,1990,Census Base Population,265475,173.55,41.1519319,-74.0357266,1529.6744454047823,1324.7075770671274,229903.0,,0.022906793048973143
36087,Rockland County,2000,Census Base Population,286794,173.55,41.1519319,-74.0357266,1652.515125324114,1324.7075770671274,229903.0,,0.08030511347584518
36087,Rockland County,2010,Census Base Population,311691,173.55,41.1519319,-74.0357266,1795.972342264477,1324.7075770671274,229903.0,,0.08681143956986548
36087,Rockland County,2020,Census Base Population,338329,173.55,41.1519319,-74.0357266,1949.4612503601265,1324.7075770671274,229903.0,55.61844329040668,0.08546284621628472
36091,Saratoga County,1970,Census Base Population,121764,809.98,43.0833231,-73.8712155,150.3296377688338,150.3296377688338,121764.0,,
36091,Saratoga County,1980,Census Base Population,153759,809.98,43.0833231,-73.8712155,189.83061310155807,150.3296377688338,121764.0,,0.26276239282546565
36091,Saratoga County,1990,Census Base Population,181276,809.98,43.0833231,-73.8712155,223.8030568656016,150.3296377688338,121764.0,,0.1789618819060998
36091,Saratoga County,2000,Census Base Population,200626,809.98,43.0833231,-73.8712155,247.69253561816342,150.3296377688338,121764.0,,0.10674330854608442
36091,Saratoga County,2010,Census Base Population,219598,809.98,43.0833231,-73.8712155,271.11533618114026,150.3296377688338,121764.0,,0.09456401463419498
36091,Saratoga County,2020,Census Base Population,235509,809.98,43.0833231,-73.8712155,290.75903108718734,150.3296377688338,121764.0,391.20023056443705,0.07245512254209965
36093,Schenectady County,1970,Census Base Population,161078,204.52,42.8321765,-74.04434505158176,787.5904557011539,787.5904557011539,161078.0,,
36093,Schenectady County,1980,Census Base Population,149946,204.52,42.8321765,-74.04434505158176,733.1605710932915,787.5904557011539,161078.0,,-0.06910937558201617
36093,Schenectady County,1990,Census Base Population,149285,204.52,42.8321765,-74.04434505158176,729.9286133385488,787.5904557011539,161078.0,,-0.004408253637976338
36093,Schenectady County,2000,Census Base Population,146652,204.52,42.8321765,-74.04434505158176,717.0545667905338,787.5904557011539,161078.0,,-0.017637404963660112
36093,Schenectady County,2010,Census Base Population,154758,204.52,42.8321765,-74.04434505158176,756.6888323880305,787.5904557011539,161078.0,,0.055273709189100725
36093,Schenectady County,2020,Census Base Population,158061,204.52,42.8321765,-74.04434505158176,772.8388421670252,787.5904557011539,161078.0,-3.903789296537413,0.02134300003877021
36095,Schoharie County,1970,Census Base Population,24750,621.82,42.5757217,-74.4390277,39.802515197323984,39.802515197323984,24750.0,,
36095,Schoharie County,1980,Census Base Population,29710,621.82,42.5757217,-74.4390277,47.77910006111093,39.802515197323984,24750.0,,0.20040404040404042
36095,Schoharie County,1990,Census Base Population,31840,621.82,42.5757217,-74.4390277,51.20452864172911,39.802515197323984,24750.0,,0.07169303264893975
36095,Schoharie County,2000,Census Base Population,31488,621.82,42.5757217,-74.4390277,50.638448425589395,39.802515197323984,24750.0,,-0.011055276381909548
36095,Schoharie County,2010,Census Base Population,32723,621.82,42.5757217,-74.4390277,52.62455372937506,39.802515197323984,24750.0,,0.039221290650406505
36095,Schoharie County,2020,Census Base Population,29714,621.82,42.5757217,-74.4390277,47.78553279083979,39.802515197323984,24750.0,103.8808130847412,-0.09195367172936467
36097,Schuyler County,1970,Census Base Population,16737,328.33,42.3903231,-76.8691575,50.97615204215271,50.97615204215271,16737.0,,
36097,Schuyler County,1980,Census Base Population,17686,328.33,42.3903231,-76.8691575,53.8665367161088,50.97615204215271,16737.0,,0.05670072294915457
36097,Schuyler County,1990,Census Base Population,18662,328.33,42.3903231,-76.8691575,56.83915572746932,50.97615204215271,16737.0,,0.055184892004975686
36097,Schuyler County,2000,Census Base Population,19188,328.33,42.3903231,-76.8691575,58.44120244875583,50.97615204215271,16737.0,,0.028185617833029687
36097,Schuyler County,2010,Census Base Population,18369,328.33,42.3903231,-76.8691575,55.94676088082113,50.97615204215271,16737.0,,-0.042682926829268296
36097,Schuyler County,2020,Census Base Population,17898,328.33,42.3903231,-76.8691575,54.51222855054366,50.97615204215271,16737.0,21.297973516594034,-0.02564102564102564
36099,Seneca County,1970,Census Base Population,35083,323.71,42.7831619,-76.8386051,108.3778690803497,108.3778690803497,35083.0,,
36099,Seneca County,1980,Census Base Population,33733,323.71,42.7831619,-76.8386051,104.2074696487597,108.3778690803497,35083.0,,-0.038480175583615994
36099,Seneca County,1990,Census Base Population,33683,323.71,42.7831619,-76.8386051,104.05301041055266,108.3778690803497,35083.0,,-0.0014822280852577596
36099,Seneca County,2000,Census Base Population,33319,323.71,42.7831619,-76.8386051,102.92854715640543,108.3778690803497,35083.0,,-0.010806638363566191
36099,Seneca County,2010,Census Base Population,35253,323.71,42.7831619,-76.8386051,108.90303049025363,108.3778690803497,35083.0,,0.05804495933251298
36099,Seneca County,2020,Census Base Population,33814,323.71,42.7831619,-76.8386051,104.4576936146551,108.3778690803497,35083.0,-12.148458922339858,-0.04081922105920063
36089,St. Lawrence County,1970,Census Base Population,112309,2680.38,44.4973591,-75.0657043,41.900402181780194,41.900402181780194,112309.0,,
36089,St. Lawrence County,1980,Census Base Population,114347,2680.38,44.4973591,-75.0657043,42.660742133578076,41.900402181780194,112309.0,,0.01814636404918573
36089,St. Lawrence County,1990,Census Base Population,111974,2680.38,44.4973591,-75.0657043,41.77541990314806,41.900402181780194,112309.0,,-0.02075262140677062
36089,St. Lawrence County,2000,Census Base Population,111922,2680.38,44.4973591,-75.0657043,41.75601966885292,41.900402181780194,112309.0,,-0.00046439351992426815
36089,St. Lawrence County,2010,Census Base Population,111941,2680.38,44.4973591,-75.0657043,41.763108215999225,41.900402181780194,112309.0,,0.00016976108361180107
36089,St. Lawrence County,2020,Census Base Population,108505,2680.38,44.4973591,-75.0657043,40.48120042680515,41.900402181780194,112309.0,-93.96954536657297,-0.030694740979623193
36101,Steuben County,1970,Census Base Population,99546,1390.56,42.2359045,-77.3750862,71.58698653779773,71.58698653779773,99546.0,,
36101,Steuben County,1980,Census Base Population,99217,1390.56,42.2359045,-77.3750862,71.35039120929697,71.58698653779773,99546.0,,-0.0033050047214353163
36101,Steuben County,1990,Census Base Population,99088,1390.56,42.2359045,-77.3750862,71.2576228282131,71.58698653779773,99546.0,,-0.0013001804126308999
36101,Steuben County,2000,Census Base Population,98681,1390.56,42.2359045,-77.3750862,70.96493499021977,71.58698653779773,99546.0,,-0.004107460035523979
36101,Steuben County,2010,Census Base Population,98946,1390.56,42.2359045,-77.3750862,71.15550569554712,71.58698653779773,99546.0,,0.002685420699020075
36101,Steuben County,2020,Census Base Population,93584,1390.56,42.2359045,-77.3750862,67.29950523530088,71.58698653779773,99546.0,-88.58906137801334,-0.05419117498433489
36103,Suffolk County,1970,Census Base Population,1127030,912.05,40.8832318,-72.8578027,1235.7107614714107,1235.7107614714107,1127030.0,,
36103,Suffolk County,1980,Census Base Population,1284231,912.05,40.8832318,-72.8578027,1408.0708294501399,1235.7107614714107,1127030.0,,0.13948253373911965
36103,Suffolk County,1990,Census Base Population,1321339,912.05,40.8832318,-72.8578027,1448.7571953292036,1235.7107614714107,1127030.0,,0.028895113106598425
36103,Suffolk County,2000,Census Base Population,1419379,912.05,40.8832318,-72.8578027,1556.251302011951,1235.7107614714107,1127030.0,,0.07419746181714156
36103,Suffolk County,2010,Census Base Population,1493116,912.05,40.8832318,-72.8578027,1637.098843265172,1235.7107614714107,1127030.0,,0.051950183848006766
36103,Suffolk County,2020,Census Base Population,1525920,912.05,40.8832318,-72.8578027,1673.0661696178938,1235.7107614714107,1127030.0,238.41854389483066,0.021970161728894474
36105,Sullivan County,1970,Census Base Population,52580,968.13,41.7156311,-74.7804323,54.31088800057844,54.31088800057844,52580.0,,
36105,Sullivan County,1980,Census Base Population,65155,968.13,41.7156311,-74.7804323,67.29984609504922,54.31088800057844,52580.0,,0.2391593761886649
36105,Sullivan County,1990,Census Base Population,69277,968.13,41.7156311,-74.7804323,71.55753876029046,54.31088800057844,52580.0,,0.06326452306039444
36105,Sullivan County,2000,Census Base Population,73885,968.13,41.7156311,-74.7804323,76.3172301240536,54.31088800057844,52580.0,,0.06651558237221589
36105,Sullivan County,2010,Census Base Population,77504,968.13,41.7156311,-74.7804323,80.05536446551599,54.31088800057844,52580.0,,0.04898152534343913
36105,Sullivan County,2020,Census Base Population,78624,968.13,41.7156311,-74.7804323,81.21223389420842,54.31088800057844,52580.0,320.6905998168498,0.014450867052023121
36107,Tioga County,1970,Census Base Population,46513,518.6,42.1333395,-76.3309339,89.6895487851909,89.6895487851909,46513.0,,
36107,Tioga County,1980,Census Base Population,49812,518.6,42.1333395,-76.3309339,96.05090628615503,89.6895487851909,46513.0,,0.0709264076709737
36107,Tioga County,1990,Census Base Population,52337,518.6,42.1333395,-76.3309339,100.91978403393752,89.6895487851909,46513.0,,0.050690596643379104
36107,Tioga County,2000,Census Base Population,51883,518.6,42.1333395,-76.3309339,100.04435017354416,89.6895487851909,46513.0,,-0.00867455146454707
36107,Tioga County,2010,Census Base Population,51052,518.6,42.1333395,-76.3309339,98.4419591207096,89.6895487851909,46513.0,,-0.016016807046624136
36107,Tioga County,2020,Census Base Population,48455,518.6,42.1333395,-76.3309339,93.43424604704974,89.6895487851909,46513.0,20.784670312661234,-0.05086970148084306
36109,Tompkins County,1970,Census Base Population,77064,474.65,42.445339000000004,-76.47279396502887,162.35963341409462,162.35963341409462,77064.0,,
36109,Tompkins County,1980,Census Base Population,87085,474.65,42.445339000000004,-76.47279396502887,183.47203202359634,162.35963341409462,77064.0,,0.130034776289837
36109,Tompkins County,1990,Census Base Population,94097,474.65,42.445339000000004,-76.47279396502887,198.24502264826717,162.35963341409462,77064.0,,0.08051903312855256
36109,Tompkins County,2000,Census Base Population,96487,474.65,42.445339000000004,-76.47279396502887,203.28031180870116,162.35963341409462,77064.0,,0.025399321976258542
36109,Tompkins County,2010,Census Base Population,101581,474.65,42.445339000000004,-76.47279396502887,214.01243021173497,162.35963341409462,77064.0,,0.05279467700311959
36109,Tompkins County,2020,Census Base Population,105740,474.65,42.445339000000004,-76.47279396502887,222.77467607710946,162.35963341409462,77064.0,128.7219916777,0.0409426959766098
36111,Ulster County,1970,Census Base Population,141241,1124.24,41.8689317,-74.2618518,125.63242723973529,125.63242723973529,141241.0,,
36111,Ulster County,1980,Census Base Population,158158,1124.24,41.8689317,-74.2618518,140.67992599444958,125.63242723973529,141241.0,,0.11977400329932526
36111,Ulster County,1990,Census Base Population,165380,1124.24,41.8689317,-74.2618518,147.10382124813208,125.63242723973529,141241.0,,0.04566319756193174
36111,Ulster County,2000,Census Base Population,177726,1124.24,41.8689317,-74.2618518,158.08546217889418,125.63242723973529,141241.0,,0.07465231587858266
36111,Ulster County,2010,Census Base Population,182522,1124.24,41.8689317,-74.2618518,162.35145520529423,125.63242723973529,141241.0,,0.026985359485950284
36111,Ulster County,2020,Census Base Population,181851,1124.24,41.8689317,-74.2618518,161.75460755710523,125.63242723973529,141241.0,251.05930899472648,-0.003676269162073613
36113,Warren County,1970,Census Base Population,49402,866.95,43.5018687,-73.8164637,56.98367841282657,56.98367841282657,49402.0,,
36113,Warren County,1980,Census Base Population,54854,866.95,43.5018687,-73.8164637,63.27239171809216,56.98367841282657,49402.0,,0.11035990445730942
36113,Warren County,1990,Census Base Population,59209,866.95,43.5018687,-73.8164637,68.29574946652056,56.98367841282657,49402.0,,0.07939256936595326
36113,Warren County,2000,Census Base Population,63263,866.95,43.5018687,-73.8164637,72.97191302843301,56.98367841282657,49402.0,,0.0684693205424851
36113,Warren County,2010,Census Base Population,65698,866.95,43.5018687,-73.8164637,75.78061018513178,56.98367841282657,49402.0,,0.038490112704108244
36113,Warren County,2020,Census Base Population,65737,866.95,43.5018687,-73.8164637,75.82559547840128,56.98367841282657,49402.0,215.42857523160475,0.0005936253767237968
36115,Washington County,1970,Census Base Population,52725,831.18,43.2294536,-73.4471343,63.43391323179095,63.43391323179095,52725.0,,
36115,Washington County,1980,Census Base Population,54795,831.18,43.2294536,-73.4471343,65.92434851656681,63.43391323179095,52725.0,,0.03926031294452347
36115,Washington County,1990,Census Base Population,59330,831.18,43.2294536,-73.4471343,71.38044707524243,63.43391323179095,52725.0,,0.08276302582352404
36115,Washington County,2000,Census Base Population,61032,831.18,43.2294536,-73.4471343,73.42813830939147,63.43391323179095,52725.0,,0.028687004887915053
36115,Washington County,2010,Census Base Population,63254,831.18,43.2294536,-73.4471343,76.10144613681754,63.43391323179095,52725.0,,0.03640713068554201
36115,Washington County,2020,Census Base Population,61302,831.18,43.2294536,-73.4471343,73.75297769436223,63.43391323179095,52725.0,116.29360967015758,-0.030859708476934266
36117,Wayne County,1970,Census Base Population,79404,603.83,43.1500557,-77.0377603,131.5005879138168,131.5005879138168,79404.0,,
36117,Wayne County,1980,Census Base Population,84581,603.83,43.1500557,-77.0377603,140.07419306758524,131.5005879138168,79404.0,,0.06519822678958238
36117,Wayne County,1990,Census Base Population,89123,603.83,43.1500557,-77.0377603,147.59617773214313,131.5005879138168,79404.0,,0.05370000354689587
36117,Wayne County,2000,Census Base Population,93779,603.83,43.1500557,-77.0377603,155.30695725618136,131.5005879138168,79404.0,,0.05224240656171807
36117,Wayne County,2010,Census Base Population,93751,603.83,43.1500557,-77.0377603,155.26058658894058,131.5005879138168,79404.0,,-0.0002985743076808241
36117,Wayne County,2020,Census Base Population,91283,603.83,43.1500557,-77.0377603,151.17334349071757,131.5005879138168,79404.0,78.57866820766189,-0.026325052532772984
36119,Westchester County,1970,Census Base Population,894406,430.5,41.1763139,-73.7907554,2077.5981416957025,2077.5981416957025,894406.0,,
36119,Westchester County,1980,Census Base Population,866599,430.5,41.1763139,-73.7907554,2013.0058072009292,2077.5981416957025,894406.0,,-0.031089907715288134
36119,Westchester County,1990,Census Base Population,874866,430.5,41.1763139,-73.7907554,2032.2090592334496,2077.5981416957025,894406.0,,0.009539590975756953
36119,Westchester County,2000,Census Base Population,923621,430.5,41.1763139,-73.7907554,2145.461091753775,2077.5981416957025,894406.0,,0.05572853442698653
36119,Westchester County,2010,Census Base Population,949376,430.5,41.1763139,-73.7907554,2205.2868757259002,2077.5981416957025,894406.0,,0.02788481422574844
36119,Westchester County,2020,Census Base Population,1004457,430.5,41.1763139,-73.7907554,2333.2334494773518,2077.5981416957025,894406.0,47.16673336937271,0.05801810873668599
36121,Wyoming County,1970,Census Base Population,37688,592.75,42.7039813,-78.2415228,63.581611134542385,63.581611134542385,37688.0,,
36121,Wyoming County,1980,Census Base Population,39895,592.75,42.7039813,-78.2415228,67.30493462673977,63.581611134542385,37688.0,,0.05855975376777754
36121,Wyoming County,1990,Census Base Population,42507,592.75,42.7039813,-78.2415228,71.71151412905947,63.581611134542385,37688.0,,0.06547186364206041
36121,Wyoming County,2000,Census Base Population,43462,592.75,42.7039813,-78.2415228,73.32264867144664,63.581611134542385,37688.0,,0.02246688780671419
36121,Wyoming County,2010,Census Base Population,42154,592.75,42.7039813,-78.2415228,71.11598481653311,63.581611134542385,37688.0,,-0.030095255625603976
36121,Wyoming County,2020,Census Base Population,40531,592.75,42.7039813,-78.2415228,68.37789962041333,63.581611134542385,37688.0,41.57776146653179,-0.03850168430042226
36123,Yates County,1970,Census Base Population,19831,338.14,42.6444444,-77.112177,58.64730584964808,58.64730584964808,19831.0,,
36123,Yates County,1980,Census Base Population,21459,338.14,42.6444444,-77.112177,63.46187969480097,58.64730584964808,19831.0,,0.08209369169482124
36123,Yates County,1990,Census Base Population,22810,338.14,42.6444444,-77.112177,67.45726622109186,58.64730584964808,19831.0,,0.06295726734703389
36123,Yates County,2000,Census Base Population,24591,338.14,42.6444444,-77.112177,72.72431537233099,58.64730584964808,19831.0,,0.07807978956597983
36123,Yates County,2010,Census Base Population,25364,338.14,42.6444444,-77.112177,75.0103507422961,58.64730584964808,19831.0,,0.03143426456833801
36123,Yates County,2020,Census Base Population,24774,338.14,42.6444444,-77.112177,73.26551132666943,58.64730584964808,19831.0,67.46694195527569,-0.023261315249960574
