ID Occupied By,Occupied By,ID Year,Year,Household Ownership,Household Ownership Moe,Geography,ID Geography,Slug Geography,share
0,"Owner Occupied",2020,"2020",78801376,342600,"United States","01000US","united-states",0.64404298146842
0,"Owner Occupied",2020,"2020",4014516,17841,"New York","04000US36","new-york",0.5412423839431032
0,"Owner Occupied",2020,"2020",102325,2498,"Bronx County, NY","05000US36005","bronx-county-ny",0.2005841590951415
0,"Owner Occupied",2020,"2020",295080,3180,"Kings County, NY","05000US36047","kings-county-ny",0.30348220842238205
0,"Owner Occupied",2020,"2020",182507,3817,"New York County, NY","05000US36061","new-york-county-ny",0.2405459194432729
0,"Owner Occupied",2020,"2020",353375,3805.0000000000005,"Queens County, NY","05000US36081","queens-county-ny",0.4511005129173996
0,"Owner Occupied",2020,"2020",114975,1708,"Richmond County, NY","05000US36085","richmond-county-ny",0.6878140703517588
0,"Owner Occupied",2020,"2020",455,71,"Alpine, NJ","16000US3401090","alpine-nj",0.8783783783783784
0,"Owner Occupied",2020,"2020",10061,597,"Bayonne, NJ","16000US3403580","bayonne-nj",0.4059473854099419
0,"Owner Occupied",2020,"2020",4641,426,"Carteret, NJ","16000US3410750","carteret-nj",0.5775261324041812
0,"Owner Occupied",2020,"2020",2383,337,"Edgewater, NJ","16000US3420020","edgewater-nj",0.3941448891829309
0,"Owner Occupied",2020,"2020",10811,613,"Elizabeth, NJ","16000US3421000","elizabeth-nj",0.2590764216731769
0,"Owner Occupied",2020,"2020",1632,135,"Englewood Cliffs, NJ","16000US3421510","englewood-cliffs-nj",0.8562434417628542
0,"Owner Occupied",2020,"2020",10102,558,"Fort Lee, NJ","16000US3424420","fort-lee-nj",0.5807082087836284
0,"Owner Occupied",2020,"2020",1796,273,"Guttenberg, NJ","16000US3428650","guttenberg-nj",0.38757013379369876
0,"Owner Occupied",2020,"2020",8654,571,"Hoboken, NJ","16000US3432250","hoboken-nj",0.3463955489733018
0,"Owner Occupied",2020,"2020",30751,1205,"Jersey City, NJ","16000US3436000","jersey-city-nj",0.2960242587601078
0,"Owner Occupied",2020,"2020",1829,293,"Keansburg, NJ","16000US3436480","keansburg-nj",0.49206349206349204
0,"Owner Occupied",2020,"2020",8823,461.00000000000006,"Linden, NJ","16000US3440350","linden-nj",0.5990630092341119
0,"Owner Occupied",2020,"2020",5038,501.99999999999994,"Perth Amboy, NJ","16000US3458200","perth-amboy-nj",0.30483451322079025
0,"Owner Occupied",2020,"2020",1102,115,"Port Reading, NJ","16000US3460540","port-reading-nj",0.8589243959469992
0,"Owner Occupied",2020,"2020",10470,508.99999999999994,"Sayreville, NJ","16000US3465790","sayreville-nj",0.6239570917759237
0,"Owner Occupied",2020,"2020",665,187,"Sewaren, NJ","16000US3466720","sewaren-nj",0.6758130081300813
0,"Owner Occupied",2020,"2020",1910,260,"South Amboy, NJ","16000US3468550","south-amboy-nj",0.5329241071428571
0,"Owner Occupied",2020,"2020",3673,299,"Tenafly, NJ","16000US3472420","tenafly-nj",0.7865096359743041
0,"Owner Occupied",2020,"2020",4245,472,"West New York, NJ","16000US3479610","west-new-york-nj",0.2239987335760646
0,"Owner Occupied",2020,"2020",506,106,"Atlantic Beach, NY","16000US3602968","atlantic-beach-ny",0.8955752212389381
0,"Owner Occupied",2020,"2020",379,57.99999999999999,"Bellerose, NY","16000US3605639","bellerose-ny",0.9668367346938775
0,"Owner Occupied",2020,"2020",553,207,"Bellerose Terrace, NY","16000US3605661","bellerose-terrace-ny",0.7922636103151862
0,"Owner Occupied",2020,"2020",7842,529,"Elmont, NY","16000US3624273","elmont-ny",0.7827909762427631
0,"Owner Occupied",2020,"2020",4478,298,"Floral Park, NY","16000US3626264","floral-park-ny",0.8138858596873864
0,"Owner Occupied",2020,"2020",776,64,"Great Neck Estates, NY","16000US3630191","great-neck-estates-ny",0.8738738738738738
0,"Owner Occupied",2020,"2020",96,43,"Harbor Hills, NY","16000US3632094","harbor-hills-ny",1
0,"Owner Occupied",2020,"2020",1473,238,"Inwood, NY","16000US3637583","inwood-ny",0.48342632097144733
0,"Owner Occupied",2020,"2020",756,106,"Lake Success, NY","16000US3640937","lake-success-ny",0.9368029739776952
0,"Owner Occupied",2020,"2020",1574,285,"Lawrence, NY","16000US3641553","lawrence-ny",0.838125665601704
0,"Owner Occupied",2020,"2020",10362,587,"Mount Vernon, NY","16000US3649121","mount-vernon-ny",0.3812362030905077
0,"Owner Occupied",2020,"2020",15451,707,"New Rochelle, NY","16000US3650617","new-rochelle-ny",0.532719624879327
0,"Owner Occupied",2020,"2020",1048262,7206.999999999999,"New York, NY","16000US3651000","new-york-ny",0.32843467616382666
0,"Owner Occupied",2020,"2020",4405,328,"North New Hyde Park, NY","16000US3653275","north-new-hyde-park-ny",0.9428510273972602
0,"Owner Occupied",2020,"2020",4884,342,"North Valley Stream, NY","16000US3653748","north-valley-stream-ny",0.8760538116591928
0,"Owner Occupied",2020,"2020",1722,183,"Pelham Manor, NY","16000US3657023","pelham-manor-ny",0.9198717948717948
0,"Owner Occupied",2020,"2020",1676,286,"South Valley Stream, NY","16000US3669892","south-valley-stream-ny",0.8030666027791088
0,"Owner Occupied",2020,"2020",1281,179,"University Gardens, NY","16000US3676287","university-gardens-ny",0.8066750629722922
0,"Owner Occupied",2020,"2020",9729,543,"Valley Stream, NY","16000US3676705","valley-stream-ny",0.8205279581681707
0,"Owner Occupied",2020,"2020",4552,446.99999999999994,"Woodmere, NY","16000US3682942","woodmere-ny",0.9040714995034757
0,"Owner Occupied",2020,"2020",35855,1172,"Yonkers, NY","16000US3684000","yonkers-ny",0.47262206052936834
0,"Owner Occupied",2020,"2020",3643816,16629,"New York-Newark-Jersey City, NY-NJ-PA","31000US35620","new-york-newark-jersey-city-ny-nj-pa",0.5157168543193326
0,"Owner Occupied",2019,"2019",77274381,377633,"United States","01000US","united-states",0.6399214141224628
0,"Owner Occupied",2019,"2019",3957802,21382,"New York","04000US36","new-york",0.5389726107053104
0,"Owner Occupied",2019,"2019",99212,2030,"Bronx County, NY","05000US36005","bronx-county-ny",0.19691601714073625
0,"Owner Occupied",2019,"2019",288632,2948,"Kings County, NY","05000US36047","kings-county-ny",0.3011077994548112
0,"Owner Occupied",2019,"2019",182796,2838,"New York County, NY","05000US36061","new-york-county-ny",0.24069207068180024
0,"Owner Occupied",2019,"2019",348732,3231,"Queens County, NY","05000US36081","queens-county-ny",0.4477053195914406
0,"Owner Occupied",2019,"2019",115265,1631,"Richmond County, NY","05000US36085","richmond-county-ny",0.693339990135101
0,"Owner Occupied",2019,"2019",477,57.00000000000001,"Alpine, NJ","16000US3401090","alpine-nj",0.8457446808510638
0,"Owner Occupied",2019,"2019",9604,508,"Bayonne, NJ","16000US3403580","bayonne-nj",0.38466776144510756
0,"Owner Occupied",2019,"2019",4574,330,"Carteret, NJ","16000US3410750","carteret-nj",0.5771608832807571
0,"Owner Occupied",2019,"2019",2026,257,"Edgewater, NJ","16000US3420020","edgewater-nj",0.3522865588593288
0,"Owner Occupied",2019,"2019",9882,533,"Elizabeth, NJ","16000US3421000","elizabeth-nj",0.24229496138286136
0,"Owner Occupied",2019,"2019",1632,129,"Englewood Cliffs, NJ","16000US3421510","englewood-cliffs-nj",0.8986784140969163
0,"Owner Occupied",2019,"2019",10375,458.99999999999994,"Fort Lee, NJ","16000US3424420","fort-lee-nj",0.5935694261685451
0,"Owner Occupied",2019,"2019",1535,217,"Guttenberg, NJ","16000US3428650","guttenberg-nj",0.34065690190856635
0,"Owner Occupied",2019,"2019",8263,458.99999999999994,"Hoboken, NJ","16000US3432250","hoboken-nj",0.328131204828846
0,"Owner Occupied",2019,"2019",30040,874.9999999999999,"Jersey City, NJ","16000US3436000","jersey-city-nj",0.2910147735529184
0,"Owner Occupied",2019,"2019",1900,229,"Keansburg, NJ","16000US3436480","keansburg-nj",0.5129589632829373
0,"Owner Occupied",2019,"2019",8458,425.00000000000006,"Linden, NJ","16000US3440350","linden-nj",0.5774561343619854
0,"Owner Occupied",2019,"2019",4583,370,"Perth Amboy, NJ","16000US3458200","perth-amboy-nj",0.2867959949937422
0,"Owner Occupied",2019,"2019",1109,115,"Port Reading, NJ","16000US3460540","port-reading-nj",0.8427051671732523
0,"Owner Occupied",2019,"2019",10231,376,"Sayreville, NJ","16000US3465790","sayreville-nj",0.6277457356730887
0,"Owner Occupied",2019,"2019",667,101,"Sewaren, NJ","16000US3466720","sewaren-nj",0.6876288659793814
0,"Owner Occupied",2019,"2019",2072,262,"South Amboy, NJ","16000US3468550","south-amboy-nj",0.6240963855421687
0,"Owner Occupied",2019,"2019",3659,247,"Tenafly, NJ","16000US3472420","tenafly-nj",0.7801705756929638
0,"Owner Occupied",2019,"2019",4018,376,"West New York, NJ","16000US3479610","west-new-york-nj",0.20488501351282443
0,"Owner Occupied",2019,"2019",499,87,"Atlantic Beach, NY","16000US3602968","atlantic-beach-ny",0.8800705467372134
0,"Owner Occupied",2019,"2019",409,54,"Bellerose, NY","16000US3605639","bellerose-ny",0.966903073286052
0,"Owner Occupied",2019,"2019",459,53,"Bellerose Terrace, NY","16000US3605661","bellerose-terrace-ny",0.8611632270168855
0,"Owner Occupied",2019,"2019",7747,333,"Elmont, NY","16000US3624273","elmont-ny",0.7925319693094629
0,"Owner Occupied",2019,"2019",4465,193,"Floral Park, NY","16000US3626264","floral-park-ny",0.7899858457183297
0,"Owner Occupied",2019,"2019",836,79,"Great Neck Estates, NY","16000US3630191","great-neck-estates-ny",0.8960342979635584
0,"Owner Occupied",2019,"2019",140,60.00000000000001,"Harbor Hills, NY","16000US3632094","harbor-hills-ny",1
0,"Owner Occupied",2019,"2019",1463,165,"Inwood, NY","16000US3637583","inwood-ny",0.48524046434494195
0,"Owner Occupied",2019,"2019",784,66,"Lake Success, NY","16000US3640937","lake-success-ny",0.9974554707379135
0,"Owner Occupied",2019,"2019",1726,223,"Lawrence, NY","16000US3641553","lawrence-ny",0.8419512195121951
0,"Owner Occupied",2019,"2019",9726,500,"Mount Vernon, NY","16000US3649121","mount-vernon-ny",0.3775181461786283
0,"Owner Occupied",2019,"2019",14605,601,"New Rochelle, NY","16000US3650617","new-rochelle-ny",0.511003813722403
0,"Owner Occupied",2019,"2019",1034637,8222,"New York, NY","16000US3651000","new-york-ny",0.3266895776931981
0,"Owner Occupied",2019,"2019",4378,219,"North New Hyde Park, NY","16000US3653275","north-new-hyde-park-ny",0.9246040126715945
0,"Owner Occupied",2019,"2019",5003,262,"North Valley Stream, NY","16000US3653748","north-valley-stream-ny",0.8880014199503017
0,"Owner Occupied",2019,"2019",1551,146,"Pelham Manor, NY","16000US3657023","pelham-manor-ny",0.9012202208018594
0,"Owner Occupied",2019,"2019",1583,130,"South Valley Stream, NY","16000US3669892","south-valley-stream-ny",0.7946787148594378
0,"Owner Occupied",2019,"2019",1221,121,"University Gardens, NY","16000US3676287","university-gardens-ny",0.7574441687344913
0,"Owner Occupied",2019,"2019",9871,409,"Valley Stream, NY","16000US3676705","valley-stream-ny",0.8362419518807184
0,"Owner Occupied",2019,"2019",4522,179,"Woodmere, NY","16000US3682942","woodmere-ny",0.8873626373626373
0,"Owner Occupied",2019,"2019",34564,921,"Yonkers, NY","16000US3684000","yonkers-ny",0.46148710896297584
0,"Owner Occupied",2019,"2019",3588835,19950,"New York-Newark-Jersey City, NY-NJ-PA","31000US35620","new-york-newark-jersey-city-ny-nj-pa",0.5129104597812691
0,"Owner Occupied",2018,"2018",76444810,367132,"United States","01000US","united-states",0.6384759732320674
0,"Owner Occupied",2018,"2018",3943356,19567,"New York","04000US36","new-york",0.5389648135449872
0,"Owner Occupied",2018,"2018",97983,1842,"Bronx County, NY","05000US36005","bronx-county-ny",0.19607266352895975
0,"Owner Occupied",2018,"2018",285330,3007,"Kings County, NY","05000US36047","kings-county-ny",0.3000769832656049
0,"Owner Occupied",2018,"2018",182949,3036,"New York County, NY","05000US36061","new-york-county-ny",0.2413151782075177
0,"Owner Occupied",2018,"2018",347739,2740,"Queens County, NY","05000US36081","queens-county-ny",0.4462574784981148
0,"Owner Occupied",2018,"2018",115839,1150,"Richmond County, NY","05000US36085","richmond-county-ny",0.6971869131879244
0,"Owner Occupied",2018,"2018",430,54.99999999999999,"Alpine, NJ","16000US3401090","alpine-nj",0.819047619047619
0,"Owner Occupied",2018,"2018",9486,463.99999999999994,"Bayonne, NJ","16000US3403580","bayonne-nj",0.3798198198198198
0,"Owner Occupied",2018,"2018",4559,320,"Carteret, NJ","16000US3410750","carteret-nj",0.5734591194968554
0,"Owner Occupied",2018,"2018",1891,244,"Edgewater, NJ","16000US3420020","edgewater-nj",0.3290985033066481
0,"Owner Occupied",2018,"2018",9865,558,"Elizabeth, NJ","16000US3421000","elizabeth-nj",0.2442194385304748
0,"Owner Occupied",2018,"2018",1538,143,"Englewood Cliffs, NJ","16000US3421510","englewood-cliffs-nj",0.8645306351883081
0,"Owner Occupied",2018,"2018",9932,446.99999999999994,"Fort Lee, NJ","16000US3424420","fort-lee-nj",0.5840978593272171
0,"Owner Occupied",2018,"2018",1713,269,"Guttenberg, NJ","16000US3428650","guttenberg-nj",0.3665739353734218
0,"Owner Occupied",2018,"2018",8224,501,"Hoboken, NJ","16000US3432250","hoboken-nj",0.3272322139105523
0,"Owner Occupied",2018,"2018",28987,946.9999999999999,"Jersey City, NJ","16000US3436000","jersey-city-nj",0.28698011028938586
0,"Owner Occupied",2018,"2018",2127,277,"Keansburg, NJ","16000US3436480","keansburg-nj",0.5279225614296351
0,"Owner Occupied",2018,"2018",8220,391,"Linden, NJ","16000US3440350","linden-nj",0.5694887072190661
0,"Owner Occupied",2018,"2018",4673,338,"Perth Amboy, NJ","16000US3458200","perth-amboy-nj",0.29305154897780006
0,"Owner Occupied",2018,"2018",1100,122,"Port Reading, NJ","16000US3460540","port-reading-nj",0.8215085884988798
0,"Owner Occupied",2018,"2018",10455,354,"Sayreville, NJ","16000US3465790","sayreville-nj",0.6351375979588118
0,"Owner Occupied",2018,"2018",655,84,"Sewaren, NJ","16000US3466720","sewaren-nj",0.7096424702058505
0,"Owner Occupied",2018,"2018",2049,229,"South Amboy, NJ","16000US3468550","south-amboy-nj",0.6035346097201767
0,"Owner Occupied",2018,"2018",3573,231,"Tenafly, NJ","16000US3472420","tenafly-nj",0.7767391304347826
0,"Owner Occupied",2018,"2018",4191,446.99999999999994,"West New York, NJ","16000US3479610","west-new-york-nj",0.21332586786114222
0,"Owner Occupied",2018,"2018",504,90,"Atlantic Beach, NY","16000US3602968","atlantic-beach-ny",0.8386023294509152
0,"Owner Occupied",2018,"2018",382,40,"Bellerose, NY","16000US3605639","bellerose-ny",0.9573934837092731
0,"Owner Occupied",2018,"2018",496,54,"Bellerose Terrace, NY","16000US3605661","bellerose-terrace-ny",0.8671328671328671
0,"Owner Occupied",2018,"2018",7776,388,"Elmont, NY","16000US3624273","elmont-ny",0.7931456548347613
0,"Owner Occupied",2018,"2018",4510,208,"Floral Park, NY","16000US3626264","floral-park-ny",0.7903960743077463
0,"Owner Occupied",2018,"2018",870,88,"Great Neck Estates, NY","16000US3630191","great-neck-estates-ny",0.9006211180124224
0,"Owner Occupied",2018,"2018",145,54.99999999999999,"Harbor Hills, NY","16000US3632094","harbor-hills-ny",1
0,"Owner Occupied",2018,"2018",1485,160,"Inwood, NY","16000US3637583","inwood-ny",0.48800525796910943
0,"Owner Occupied",2018,"2018",747,59,"Lake Success, NY","16000US3640937","lake-success-ny",0.9751958224543081
0,"Owner Occupied",2018,"2018",1866,253,"Lawrence, NY","16000US3641553","lawrence-ny",0.8630897317298798
0,"Owner Occupied",2018,"2018",9642,473.00000000000006,"Mount Vernon, NY","16000US3649121","mount-vernon-ny",0.3818916349809886
0,"Owner Occupied",2018,"2018",14501,501,"New Rochelle, NY","16000US3650617","new-rochelle-ny",0.5165461475439034
0,"Owner Occupied",2018,"2018",1029840,7102.000000000001,"New York, NY","16000US3651000","new-york-ny",0.32650804364981106
0,"Owner Occupied",2018,"2018",4432,175,"North New Hyde Park, NY","16000US3653275","north-new-hyde-park-ny",0.9252609603340293
0,"Owner Occupied",2018,"2018",4928,250.99999999999997,"North Valley Stream, NY","16000US3653748","north-valley-stream-ny",0.8847396768402155
0,"Owner Occupied",2018,"2018",1517,145,"Pelham Manor, NY","16000US3657023","pelham-manor-ny",0.8934040047114252
0,"Owner Occupied",2018,"2018",1756,109.99999999999999,"South Valley Stream, NY","16000US3669892","south-valley-stream-ny",0.8654509610645639
0,"Owner Occupied",2018,"2018",1236,106.99999999999999,"University Gardens, NY","16000US3676287","university-gardens-ny",0.7653250773993808
0,"Owner Occupied",2018,"2018",9868,410,"Valley Stream, NY","16000US3676705","valley-stream-ny",0.8144602178936943
0,"Owner Occupied",2018,"2018",4434,176,"Woodmere, NY","16000US3682942","woodmere-ny",0.8626459143968872
0,"Owner Occupied",2018,"2018",34791,915,"Yonkers, NY","16000US3684000","yonkers-ny",0.46482203933304833
0,"Owner Occupied",2018,"2018",3728539,19016,"New York-Newark-Jersey City, NY-NJ-PA","31000US35620","new-york-newark-jersey-city-ny-nj-pa",0.5181129186703932
0,"Owner Occupied",2017,"2017",75833135,358989,"United States","01000US","united-states",0.6381868060589238
0,"Owner Occupied",2017,"2017",3942483,17785,"New York","04000US36","new-york",0.5398657484687192
0,"Owner Occupied",2017,"2017",97658,1815,"Bronx County, NY","05000US36005","bronx-county-ny",0.19714710228603266
0,"Owner Occupied",2017,"2017",283752,2601,"Kings County, NY","05000US36047","kings-county-ny",0.3003779177473138
0,"Owner Occupied",2017,"2017",182453,2746,"New York County, NY","05000US36061","new-york-county-ny",0.24059366119642114
0,"Owner Occupied",2017,"2017",346041,3119,"Queens County, NY","05000US36081","queens-county-ny",0.4448376663444332
0,"Owner Occupied",2017,"2017",115428,1357,"Richmond County, NY","05000US36085","richmond-county-ny",0.6947216370749323
0,"Owner Occupied",2017,"2017",451,52,"Alpine, NJ","16000US3401090","alpine-nj",0.8126126126126126
0,"Owner Occupied",2017,"2017",9605,460,"Bayonne, NJ","16000US3403580","bayonne-nj",0.38095426962281365
0,"Owner Occupied",2017,"2017",4616,307,"Carteret, NJ","16000US3410750","carteret-nj",0.5800452374968585
0,"Owner Occupied",2017,"2017",1839,218,"Edgewater, NJ","16000US3420020","edgewater-nj",0.3398632415450009
0,"Owner Occupied",2017,"2017",9951,534,"Elizabeth, NJ","16000US3421000","elizabeth-nj",0.24742037345533205
0,"Owner Occupied",2017,"2017",1617,136,"Englewood Cliffs, NJ","16000US3421510","englewood-cliffs-nj",0.8821603927986906
0,"Owner Occupied",2017,"2017",9730,385,"Fort Lee, NJ","16000US3424420","fort-lee-nj",0.584419484653733
0,"Owner Occupied",2017,"2017",1509,298,"Guttenberg, NJ","16000US3428650","guttenberg-nj",0.3312843029637761
0,"Owner Occupied",2017,"2017",8092,426,"Hoboken, NJ","16000US3432250","hoboken-nj",0.32613251652426245
0,"Owner Occupied",2017,"2017",28569,978,"Jersey City, NJ","16000US3436000","jersey-city-nj",0.28555008046057434
0,"Owner Occupied",2017,"2017",2161,237,"Keansburg, NJ","16000US3436480","keansburg-nj",0.5333168805528135
0,"Owner Occupied",2017,"2017",8380,384,"Linden, NJ","16000US3440350","linden-nj",0.5852363991898876
0,"Owner Occupied",2017,"2017",4646,316,"Perth Amboy, NJ","16000US3458200","perth-amboy-nj",0.2931600201918223
0,"Owner Occupied",2017,"2017",1070,131,"Port Reading, NJ","16000US3460540","port-reading-nj",0.8020989505247377
0,"Owner Occupied",2017,"2017",10552,398,"Sayreville, NJ","16000US3465790","sayreville-nj",0.6463705972434916
0,"Owner Occupied",2017,"2017",675,66,"Sewaren, NJ","16000US3466720","sewaren-nj",0.7289416846652268
0,"Owner Occupied",2017,"2017",2134,195,"South Amboy, NJ","16000US3468550","south-amboy-nj",0.6007882882882883
0,"Owner Occupied",2017,"2017",3668,268,"Tenafly, NJ","16000US3472420","tenafly-nj",0.7832585949177877
0,"Owner Occupied",2017,"2017",3970,375,"West New York, NJ","16000US3479610","west-new-york-nj",0.20837707327314717
0,"Owner Occupied",2017,"2017",514,74,"Atlantic Beach, NY","16000US3602968","atlantic-beach-ny",0.8197767145135566
0,"Owner Occupied",2017,"2017",395,48,"Bellerose, NY","16000US3605639","bellerose-ny",0.9541062801932367
0,"Owner Occupied",2017,"2017",492,53,"Bellerose Terrace, NY","16000US3605661","bellerose-terrace-ny",0.8770053475935828
0,"Owner Occupied",2017,"2017",7751,318,"Elmont, NY","16000US3624273","elmont-ny",0.7907569883697204
0,"Owner Occupied",2017,"2017",4456,228.00000000000003,"Floral Park, NY","16000US3626264","floral-park-ny",0.7805219828341216
0,"Owner Occupied",2017,"2017",865,80,"Great Neck Estates, NY","16000US3630191","great-neck-estates-ny",0.9163135593220338
0,"Owner Occupied",2017,"2017",190,54.99999999999999,"Harbor Hills, NY","16000US3632094","harbor-hills-ny",1
0,"Owner Occupied",2017,"2017",1453,153,"Inwood, NY","16000US3637583","inwood-ny",0.4661533525826115
0,"Owner Occupied",2017,"2017",716,73,"Lake Success, NY","16000US3640937","lake-success-ny",0.9675675675675676
0,"Owner Occupied",2017,"2017",1869,237,"Lawrence, NY","16000US3641553","lawrence-ny",0.8770530267480057
0,"Owner Occupied",2017,"2017",9953,437.00000000000006,"Mount Vernon, NY","16000US3649121","mount-vernon-ny",0.3965180670092825
0,"Owner Occupied",2017,"2017",14477,482.99999999999994,"New Rochelle, NY","16000US3650617","new-rochelle-ny",0.5086252327583178
0,"Owner Occupied",2017,"2017",1025332,6398,"New York, NY","16000US3651000","new-york-ny",0.3262889411135738
0,"Owner Occupied",2017,"2017",4400,177,"North New Hyde Park, NY","16000US3653275","north-new-hyde-park-ny",0.9324009324009324
0,"Owner Occupied",2017,"2017",4861,224,"North Valley Stream, NY","16000US3653748","north-valley-stream-ny",0.8873676524278934
0,"Owner Occupied",2017,"2017",1567,105,"Pelham Manor, NY","16000US3657023","pelham-manor-ny",0.8949171901770417
0,"Owner Occupied",2017,"2017",1743,90,"South Valley Stream, NY","16000US3669892","south-valley-stream-ny",0.8535749265426053
0,"Owner Occupied",2017,"2017",1344,115,"University Gardens, NY","16000US3676287","university-gardens-ny",0.7966804979253111
0,"Owner Occupied",2017,"2017",9790,388,"Valley Stream, NY","16000US3676705","valley-stream-ny",0.8182198077726703
0,"Owner Occupied",2017,"2017",4525,183,"Woodmere, NY","16000US3682942","woodmere-ny",0.8888234138676095
0,"Owner Occupied",2017,"2017",35216,941.9999999999999,"Yonkers, NY","16000US3684000","yonkers-ny",0.4732506416889522
0,"Owner Occupied",2017,"2017",3721950,17356,"New York-Newark-Jersey City, NY-NJ-PA","31000US35620","new-york-newark-jersey-city-ny-nj-pa",0.5192433008413613
0,"Owner Occupied",2016,"2016",74881068,360470,"United States","01000US","united-states",0.6361150331368476
0,"Owner Occupied",2016,"2016",3894613,17802,"New York","04000US36","new-york",0.5359912977741971
0,"Owner Occupied",2016,"2016",93569,1850.9999999999998,"Bronx County, NY","05000US36005","bronx-county-ny",0.19066919346293354
0,"Owner Occupied",2016,"2016",276447,2632,"Kings County, NY","05000US36047","kings-county-ny",0.29446752939647614
0,"Owner Occupied",2016,"2016",174361,2926,"New York County, NY","05000US36061","new-york-county-ny",0.23143678199061568
0,"Owner Occupied",2016,"2016",341363,2701,"Queens County, NY","05000US36081","queens-county-ny",0.43803573445022737
0,"Owner Occupied",2016,"2016",114502,1354,"Richmond County, NY","05000US36085","richmond-county-ny",0.6897129157781874
0,"Owner Occupied",2016,"2016",471,50,"Alpine, NJ","16000US3401090","alpine-nj",0.8410714285714286
0,"Owner Occupied",2016,"2016",9426,508.99999999999994,"Bayonne, NJ","16000US3403580","bayonne-nj",0.3714387043385743
0,"Owner Occupied",2016,"2016",4642,293,"Carteret, NJ","16000US3410750","carteret-nj",0.5767892644135189
0,"Owner Occupied",2016,"2016",1718,243,"Edgewater, NJ","16000US3420020","edgewater-nj",0.3127616967048971
0,"Owner Occupied",2016,"2016",9988,535,"Elizabeth, NJ","16000US3421000","elizabeth-nj",0.24966255061740739
0,"Owner Occupied",2016,"2016",1562,138,"Englewood Cliffs, NJ","16000US3421510","englewood-cliffs-nj",0.876051598429613
0,"Owner Occupied",2016,"2016",9791,429,"Fort Lee, NJ","16000US3424420","fort-lee-nj",0.5898548105307548
0,"Owner Occupied",2016,"2016",1373,250.99999999999997,"Guttenberg, NJ","16000US3428650","guttenberg-nj",0.3016919358382773
0,"Owner Occupied",2016,"2016",7792,417,"Hoboken, NJ","16000US3432250","hoboken-nj",0.31089654071739214
0,"Owner Occupied",2016,"2016",27758,978,"Jersey City, NJ","16000US3436000","jersey-city-nj",0.27866120547725176
0,"Owner Occupied",2016,"2016",2108,241,"Keansburg, NJ","16000US3436480","keansburg-nj",0.5285857572718154
0,"Owner Occupied",2016,"2016",8097,397,"Linden, NJ","16000US3440350","linden-nj",0.5719432083068446
0,"Owner Occupied",2016,"2016",4803,314,"Perth Amboy, NJ","16000US3458200","perth-amboy-nj",0.304295489102889
0,"Owner Occupied",2016,"2016",987,120.00000000000001,"Port Reading, NJ","16000US3460540","port-reading-nj",0.7777777777777778
0,"Owner Occupied",2016,"2016",10532,392,"Sayreville, NJ","16000US3465790","sayreville-nj",0.6551380940532471
0,"Owner Occupied",2016,"2016",732,64,"Sewaren, NJ","16000US3466720","sewaren-nj",0.8133333333333334
0,"Owner Occupied",2016,"2016",2186,215.00000000000003,"South Amboy, NJ","16000US3468550","south-amboy-nj",0.6166431593794076
0,"Owner Occupied",2016,"2016",3689,205,"Tenafly, NJ","16000US3472420","tenafly-nj",0.7890909090909091
0,"Owner Occupied",2016,"2016",3838,325,"West New York, NJ","16000US3479610","west-new-york-nj",0.2014909701805964
0,"Owner Occupied",2016,"2016",552,63.00000000000001,"Atlantic Beach, NY","16000US3602968","atlantic-beach-ny",0.8571428571428571
0,"Owner Occupied",2016,"2016",412,48,"Bellerose, NY","16000US3605639","bellerose-ny",0.9716981132075472
0,"Owner Occupied",2016,"2016",519,52,"Bellerose Terrace, NY","16000US3605661","bellerose-terrace-ny",0.9218472468916519
0,"Owner Occupied",2016,"2016",7744,330,"Elmont, NY","16000US3624273","elmont-ny",0.7899622564521065
0,"Owner Occupied",2016,"2016",4491,213.99999999999997,"Floral Park, NY","16000US3626264","floral-park-ny",0.7834961618981159
0,"Owner Occupied",2016,"2016",804,81,"Great Neck Estates, NY","16000US3630191","great-neck-estates-ny",0.9023569023569024
0,"Owner Occupied",2016,"2016",193,54,"Harbor Hills, NY","16000US3632094","harbor-hills-ny",1
0,"Owner Occupied",2016,"2016",1452,152,"Inwood, NY","16000US3637583","inwood-ny",0.48143236074270557
0,"Owner Occupied",2016,"2016",698,68,"Lake Success, NY","16000US3640937","lake-success-ny",0.9707927677329624
0,"Owner Occupied",2016,"2016",1860,204,"Lawrence, NY","16000US3641553","lawrence-ny",0.8599167822468793
0,"Owner Occupied",2016,"2016",9825,463,"Mount Vernon, NY","16000US3649121","mount-vernon-ny",0.39758012301715767
0,"Owner Occupied",2016,"2016",14021,454.00000000000006,"New Rochelle, NY","16000US3650617","new-rochelle-ny",0.4966174334998052
0,"Owner Occupied",2016,"2016",1000242,6712,"New York, NY","16000US3651000","new-york-ny",0.3197453141472889
0,"Owner Occupied",2016,"2016",4484,154,"North New Hyde Park, NY","16000US3653275","north-new-hyde-park-ny",0.9589392643284859
0,"Owner Occupied",2016,"2016",4833,213.99999999999997,"North Valley Stream, NY","16000US3653748","north-valley-stream-ny",0.9001676289811883
0,"Owner Occupied",2016,"2016",1576,109,"Pelham Manor, NY","16000US3657023","pelham-manor-ny",0.906789413118527
0,"Owner Occupied",2016,"2016",1623,103,"South Valley Stream, NY","16000US3669892","south-valley-stream-ny",0.7936430317848411
0,"Owner Occupied",2016,"2016",1342,108,"University Gardens, NY","16000US3676287","university-gardens-ny",0.8319900805951643
0,"Owner Occupied",2016,"2016",9239,362,"Valley Stream, NY","16000US3676705","valley-stream-ny",0.7938649252448874
0,"Owner Occupied",2016,"2016",4587,158,"Woodmere, NY","16000US3682942","woodmere-ny",0.8932814021421617
0,"Owner Occupied",2016,"2016",34721,969,"Yonkers, NY","16000US3684000","yonkers-ny",0.4758713320450091
0,"Owner Occupied",2016,"2016",3678394,18099,"New York-Newark-Jersey City, NY-NJ-PA","31000US35620","new-york-newark-jersey-city-ny-nj-pa",0.5152852277329361
0,"Owner Occupied",2015,"2015",74712091,353420,"United States","01000US","united-states",0.6389673478521365
0,"Owner Occupied",2015,"2015",3894722,17001,"New York","04000US36","new-york",0.5362947361289755
0,"Owner Occupied",2015,"2015",91993,1776,"Bronx County, NY","05000US36005","bronx-county-ny",0.18971462274851414
0,"Owner Occupied",2015,"2015",272717,2374,"Kings County, NY","05000US36047","kings-county-ny",0.29268201067627114
0,"Owner Occupied",2015,"2015",172079,3222,"New York County, NY","05000US36061","new-york-county-ny",0.22931055850131726
0,"Owner Occupied",2015,"2015",340561,2787,"Queens County, NY","05000US36081","queens-county-ny",0.436256475422856
0,"Owner Occupied",2015,"2015",114000,1403,"Richmond County, NY","05000US36085","richmond-county-ny",0.6876417507117696
0,"Owner Occupied",2015,"2015",501,52,"Alpine, NJ","16000US3401090","alpine-nj",0.871304347826087
0,"Owner Occupied",2015,"2015",9536,481,"Bayonne, NJ","16000US3403580","bayonne-nj",0.3743424668289236
0,"Owner Occupied",2015,"2015",4370,337,"Carteret, NJ","16000US3410750","carteret-nj",0.5609756097560976
0,"Owner Occupied",2015,"2015",1724,250,"Edgewater, NJ","16000US3420020","edgewater-nj",0.3040028213718921
0,"Owner Occupied",2015,"2015",10035,508,"Elizabeth, NJ","16000US3421000","elizabeth-nj",0.25448228640985976
0,"Owner Occupied",2015,"2015",1531,119,"Englewood Cliffs, NJ","16000US3421510","englewood-cliffs-nj",0.8844598497978048
0,"Owner Occupied",2015,"2015",9732,470.99999999999994,"Fort Lee, NJ","16000US3424420","fort-lee-nj",0.5894609327680194
0,"Owner Occupied",2015,"2015",1372,212,"Guttenberg, NJ","16000US3428650","guttenberg-nj",0.3128134974920201
0,"Owner Occupied",2015,"2015",7715,473.00000000000006,"Hoboken, NJ","16000US3432250","hoboken-nj",0.31388583750356
0,"Owner Occupied",2015,"2015",28647,792,"Jersey City, NJ","16000US3436000","jersey-city-nj",0.2891942094530477
0,"Owner Occupied",2015,"2015",2281,242,"Keansburg, NJ","16000US3436480","keansburg-nj",0.5527017203779986
0,"Owner Occupied",2015,"2015",8338,340,"Linden, NJ","16000US3440350","linden-nj",0.5857393747804707
0,"Owner Occupied",2015,"2015",5216,355,"Perth Amboy, NJ","16000US3458200","perth-amboy-nj",0.320609748601635
0,"Owner Occupied",2015,"2015",962,122,"Port Reading, NJ","16000US3460540","port-reading-nj",0.7983402489626557
0,"Owner Occupied",2015,"2015",10562,348,"Sayreville, NJ","16000US3465790","sayreville-nj",0.6752765168467489
0,"Owner Occupied",2015,"2015",733,83,"Sewaren, NJ","16000US3466720","sewaren-nj",0.7881720430107527
0,"Owner Occupied",2015,"2015",2451,229,"South Amboy, NJ","16000US3468550","south-amboy-nj",0.649271523178808
0,"Owner Occupied",2015,"2015",3710,241,"Tenafly, NJ","16000US3472420","tenafly-nj",0.7797393862967633
0,"Owner Occupied",2015,"2015",3738,355,"West New York, NJ","16000US3479610","west-new-york-nj",0.19508376389541254
0,"Owner Occupied",2015,"2015",520,67,"Atlantic Beach, NY","16000US3602968","atlantic-beach-ny",0.8414239482200647
0,"Owner Occupied",2015,"2015",339,53,"Bellerose, NY","16000US3605639","bellerose-ny",0.9630681818181818
0,"Owner Occupied",2015,"2015",539,81,"Bellerose Terrace, NY","16000US3605661","bellerose-terrace-ny",0.9074074074074074
0,"Owner Occupied",2015,"2015",7942,323,"Elmont, NY","16000US3624273","elmont-ny",0.8057218220553921
0,"Owner Occupied",2015,"2015",4495,201,"Floral Park, NY","16000US3626264","floral-park-ny",0.7884581652341695
0,"Owner Occupied",2015,"2015",809,74,"Great Neck Estates, NY","16000US3630191","great-neck-estates-ny",0.9059350503919373
0,"Owner Occupied",2015,"2015",193,49,"Harbor Hills, NY","16000US3632094","harbor-hills-ny",1
0,"Owner Occupied",2015,"2015",1441,151,"Inwood, NY","16000US3637583","inwood-ny",0.4825853985264568
0,"Owner Occupied",2015,"2015",747,77,"Lake Success, NY","16000US3640937","lake-success-ny",0.9764705882352941
0,"Owner Occupied",2015,"2015",1862,183,"Lawrence, NY","16000US3641553","lawrence-ny",0.8506167199634537
0,"Owner Occupied",2015,"2015",9770,449.00000000000006,"Mount Vernon, NY","16000US3649121","mount-vernon-ny",0.3909720276921846
0,"Owner Occupied",2015,"2015",14030,638,"New Rochelle, NY","16000US3650617","new-rochelle-ny",0.49612786873651826
0,"Owner Occupied",2015,"2015",991350,6735,"New York, NY","16000US3651000","new-york-ny",0.3184001464573226
0,"Owner Occupied",2015,"2015",4488,175,"North New Hyde Park, NY","16000US3653275","north-new-hyde-park-ny",0.96
0,"Owner Occupied",2015,"2015",4659,228.00000000000003,"North Valley Stream, NY","16000US3653748","north-valley-stream-ny",0.9006379277015272
0,"Owner Occupied",2015,"2015",1606,98,"Pelham Manor, NY","16000US3657023","pelham-manor-ny",0.9337209302325581
0,"Owner Occupied",2015,"2015",1633,95,"South Valley Stream, NY","16000US3669892","south-valley-stream-ny",0.8016691212567502
0,"Owner Occupied",2015,"2015",1357,109.99999999999999,"University Gardens, NY","16000US3676287","university-gardens-ny",0.8604946100190235
0,"Owner Occupied",2015,"2015",9221,443,"Valley Stream, NY","16000US3676705","valley-stream-ny",0.8006425284362247
0,"Owner Occupied",2015,"2015",4529,152,"Woodmere, NY","16000US3682942","woodmere-ny",0.8915354330708661
0,"Owner Occupied",2015,"2015",34675,874.0000000000001,"Yonkers, NY","16000US3684000","yonkers-ny",0.4745254745254745
0,"Owner Occupied",2015,"2015",3678855,16359,"New York-Newark-Jersey City, NY-NJ-PA","31000US35620","new-york-newark-jersey-city-ny-nj-pa",0.5166056142737621
0,"Owner Occupied",2014,"2014",74787460,343068,"United States","01000US","united-states",0.6435483800462007
0,"Owner Occupied",2014,"2014",3906991,15535.000000000002,"New York","04000US36","new-york",0.5384847250262145
0,"Owner Occupied",2014,"2014",91797,1882.0000000000002,"Bronx County, NY","05000US36005","bronx-county-ny",0.19111514543338545
0,"Owner Occupied",2014,"2014",273246,2613,"Kings County, NY","05000US36047","kings-county-ny",0.29528264879707705
0,"Owner Occupied",2014,"2014",168410,3060,"New York County, NY","05000US36061","new-york-county-ny",0.22602668942904808
0,"Owner Occupied",2014,"2014",341857,3282,"Queens County, NY","05000US36081","queens-county-ny",0.4382394377933234
0,"Owner Occupied",2014,"2014",113493,1042,"Richmond County, NY","05000US36085","richmond-county-ny",0.6875071935255241
0,"Owner Occupied",2014,"2014",522,52,"Alpine, NJ","16000US3401090","alpine-nj",0.8773109243697479
0,"Owner Occupied",2014,"2014",9483,501,"Bayonne, NJ","16000US3403580","bayonne-nj",0.37494069270915703
0,"Owner Occupied",2014,"2014",4485,275,"Carteret, NJ","16000US3410750","carteret-nj",0.5852035490605428
0,"Owner Occupied",2014,"2014",1970,262,"Edgewater, NJ","16000US3420020","edgewater-nj",0.342966573816156
0,"Owner Occupied",2014,"2014",10659,515,"Elizabeth, NJ","16000US3421000","elizabeth-nj",0.2714078374455733
0,"Owner Occupied",2014,"2014",1586,141,"Englewood Cliffs, NJ","16000US3421510","englewood-cliffs-nj",0.8830734966592427
0,"Owner Occupied",2014,"2014",9563,457,"Fort Lee, NJ","16000US3424420","fort-lee-nj",0.5759455552878824
0,"Owner Occupied",2014,"2014",1457,224,"Guttenberg, NJ","16000US3428650","guttenberg-nj",0.32206012378426174
0,"Owner Occupied",2014,"2014",7532,449.00000000000006,"Hoboken, NJ","16000US3432250","hoboken-nj",0.30957665433621046
0,"Owner Occupied",2014,"2014",28888,955.9999999999999,"Jersey City, NJ","16000US3436000","jersey-city-nj",0.2989424012252416
0,"Owner Occupied",2014,"2014",2209,255,"Keansburg, NJ","16000US3436480","keansburg-nj",0.5307544449783758
0,"Owner Occupied",2014,"2014",8318,343,"Linden, NJ","16000US3440350","linden-nj",0.5776388888888889
0,"Owner Occupied",2014,"2014",5478,369,"Perth Amboy, NJ","16000US3458200","perth-amboy-nj",0.3359499570710168
0,"Owner Occupied",2014,"2014",974,115.99999999999999,"Port Reading, NJ","16000US3460540","port-reading-nj",0.7615324472243941
0,"Owner Occupied",2014,"2014",10817,330,"Sayreville, NJ","16000US3465790","sayreville-nj",0.6841439504142686
0,"Owner Occupied",2014,"2014",716,78,"Sewaren, NJ","16000US3466720","sewaren-nj",0.8554360812425329
0,"Owner Occupied",2014,"2014",2298,225,"South Amboy, NJ","16000US3468550","south-amboy-nj",0.6157556270096463
0,"Owner Occupied",2014,"2014",3551,298,"Tenafly, NJ","16000US3472420","tenafly-nj",0.747893850042123
0,"Owner Occupied",2014,"2014",3869,375,"West New York, NJ","16000US3479610","west-new-york-nj",0.2032678365030997
0,"Owner Occupied",2014,"2014",576,76,"Atlantic Beach, NY","16000US3602968","atlantic-beach-ny",0.8372093023255814
0,"Owner Occupied",2014,"2014",330,61,"Bellerose, NY","16000US3605639","bellerose-ny",0.953757225433526
0,"Owner Occupied",2014,"2014",509,93,"Bellerose Terrace, NY","16000US3605661","bellerose-terrace-ny",0.8656462585034014
0,"Owner Occupied",2014,"2014",7799,315,"Elmont, NY","16000US3624273","elmont-ny",0.7928230151468943
0,"Owner Occupied",2014,"2014",4473,178,"Floral Park, NY","16000US3626264","floral-park-ny",0.8003220611916264
0,"Owner Occupied",2014,"2014",820,73,"Great Neck Estates, NY","16000US3630191","great-neck-estates-ny",0.8961748633879781
0,"Owner Occupied",2014,"2014",165,39,"Harbor Hills, NY","16000US3632094","harbor-hills-ny",1
0,"Owner Occupied",2014,"2014",1420,152,"Inwood, NY","16000US3637583","inwood-ny",0.48217317487266553
0,"Owner Occupied",2014,"2014",776,142,"Lake Success, NY","16000US3640937","lake-success-ny",0.9675810473815462
0,"Owner Occupied",2014,"2014",1784,174,"Lawrence, NY","16000US3641553","lawrence-ny",0.839134524929445
0,"Owner Occupied",2014,"2014",9997,559,"Mount Vernon, NY","16000US3649121","mount-vernon-ny",0.38823300970873786
0,"Owner Occupied",2014,"2014",14081,584,"New Rochelle, NY","16000US3650617","new-rochelle-ny",0.49842483451913205
0,"Owner Occupied",2014,"2014",988803,6496,"New York, NY","16000US3651000","new-york-ny",0.31938793209538585
0,"Owner Occupied",2014,"2014",4592,125,"North New Hyde Park, NY","16000US3653275","north-new-hyde-park-ny",0.9774372073222648
0,"Owner Occupied",2014,"2014",4592,219.99999999999997,"North Valley Stream, NY","16000US3653748","north-valley-stream-ny",0.8966998633079477
0,"Owner Occupied",2014,"2014",1629,95,"Pelham Manor, NY","16000US3657023","pelham-manor-ny",0.9260943718021604
0,"Owner Occupied",2014,"2014",1563,105,"South Valley Stream, NY","16000US3669892","south-valley-stream-ny",0.7803295057413879
0,"Owner Occupied",2014,"2014",1391,105,"University Gardens, NY","16000US3676287","university-gardens-ny",0.8974193548387097
0,"Owner Occupied",2014,"2014",9025,508,"Valley Stream, NY","16000US3676705","valley-stream-ny",0.7901418315531431
0,"Owner Occupied",2014,"2014",4524,170,"Woodmere, NY","16000US3682942","woodmere-ny",0.8972629908766363
0,"Owner Occupied",2014,"2014",35498,989.9999999999999,"Yonkers, NY","16000US3684000","yonkers-ny",0.48390746622680864
0,"Owner Occupied",2014,"2014",3694231,16785,"New York-Newark-Jersey City, NY-NJ-PA","31000US35620","new-york-newark-jersey-city-ny-nj-pa",0.5199478452014729
0,"Owner Occupied",2013,"2013",75075700,345645,"United States","01000US","united-states",0.649386382947334
0,"Owner Occupied",2013,"2013",3923505,17153,"New York","04000US36","new-york",0.5423143572618958
0,"Owner Occupied",2013,"2013",92108,1837,"Bronx County, NY","05000US36005","bronx-county-ny",0.1939761015242965
0,"Owner Occupied",2013,"2013",272724,2689,"Kings County, NY","05000US36047","kings-county-ny",0.2977254987582217
0,"Owner Occupied",2013,"2013",167506,2687,"New York County, NY","05000US36061","new-york-county-ny",0.22753031817786665
0,"Owner Occupied",2013,"2013",344390,2822,"Queens County, NY","05000US36081","queens-county-ny",0.44230250568305873
0,"Owner Occupied",2013,"2013",112980,1394,"Richmond County, NY","05000US36085","richmond-county-ny",0.68635372306496
0,"Owner Occupied",2013,"2013",576,49,"Alpine, NJ","16000US3401090","alpine-nj",0.8985959438377535
0,"Owner Occupied",2013,"2013",9943,501,"Bayonne, NJ","16000US3403580","bayonne-nj",0.39233713451446156
0,"Owner Occupied",2013,"2013",4715,286,"Carteret, NJ","16000US3410750","carteret-nj",0.6004839531329598
0,"Owner Occupied",2013,"2013",1958,299,"Edgewater, NJ","16000US3420020","edgewater-nj",0.3472246852278773
0,"Owner Occupied",2013,"2013",10678,598,"Elizabeth, NJ","16000US3421000","elizabeth-nj",0.27095333553249257
0,"Owner Occupied",2013,"2013",1651,111,"Englewood Cliffs, NJ","16000US3421510","englewood-cliffs-nj",0.9370034052213394
0,"Owner Occupied",2013,"2013",9898,450,"Fort Lee, NJ","16000US3424420","fort-lee-nj",0.5902206320810972
0,"Owner Occupied",2013,"2013",1639,223,"Guttenberg, NJ","16000US3428650","guttenberg-nj",0.3526247848537005
0,"Owner Occupied",2013,"2013",7849,442.00000000000006,"Hoboken, NJ","16000US3432250","hoboken-nj",0.3270825519856649
0,"Owner Occupied",2013,"2013",28914,911,"Jersey City, NJ","16000US3436000","jersey-city-nj",0.30043953075156643
0,"Owner Occupied",2013,"2013",2122,232.99999999999997,"Keansburg, NJ","16000US3436480","keansburg-nj",0.5257680872150644
0,"Owner Occupied",2013,"2013",8745,463,"Linden, NJ","16000US3440350","linden-nj",0.5981532147742818
0,"Owner Occupied",2013,"2013",5754,351,"Perth Amboy, NJ","16000US3458200","perth-amboy-nj",0.3550536838208071
0,"Owner Occupied",2013,"2013",950,108,"Port Reading, NJ","16000US3460540","port-reading-nj",0.7723577235772358
0,"Owner Occupied",2013,"2013",10755,313,"Sayreville, NJ","16000US3465790","sayreville-nj",0.6887167008196722
0,"Owner Occupied",2013,"2013",774,92,"Sewaren, NJ","16000US3466720","sewaren-nj",0.8431372549019608
0,"Owner Occupied",2013,"2013",2350,185,"South Amboy, NJ","16000US3468550","south-amboy-nj",0.6549609810479375
0,"Owner Occupied",2013,"2013",3582,250.99999999999997,"Tenafly, NJ","16000US3472420","tenafly-nj",0.7422295897223373
0,"Owner Occupied",2013,"2013",3739,384,"West New York, NJ","16000US3479610","west-new-york-nj",0.20344977690717161
0,"Owner Occupied",2013,"2013",615,79,"Atlantic Beach, NY","16000US3602968","atlantic-beach-ny",0.8836206896551724
0,"Owner Occupied",2013,"2013",373,54,"Bellerose, NY","16000US3605639","bellerose-ny",0.9467005076142132
0,"Owner Occupied",2013,"2013",485,69,"Bellerose Terrace, NY","16000US3605661","bellerose-terrace-ny",0.8479020979020979
0,"Owner Occupied",2013,"2013",7565,352,"Elmont, NY","16000US3624273","elmont-ny",0.7801381870681654
0,"Owner Occupied",2013,"2013",4458,205,"Floral Park, NY","16000US3626264","floral-park-ny",0.8077550280847979
0,"Owner Occupied",2013,"2013",829,81,"Great Neck Estates, NY","16000US3630191","great-neck-estates-ny",0.8809776833156217
0,"Owner Occupied",2013,"2013",161,40,"Harbor Hills, NY","16000US3632094","harbor-hills-ny",1
0,"Owner Occupied",2013,"2013",1392,115,"Inwood, NY","16000US3637583","inwood-ny",0.4675848169297951
0,"Owner Occupied",2013,"2013",807,97,"Lake Success, NY","16000US3640937","lake-success-ny",0.9758162031438936
0,"Owner Occupied",2013,"2013",1782,162,"Lawrence, NY","16000US3641553","lawrence-ny",0.8713936430317848
0,"Owner Occupied",2013,"2013",9790,530,"Mount Vernon, NY","16000US3649121","mount-vernon-ny",0.3765674282637126
0,"Owner Occupied",2013,"2013",14070,552,"New Rochelle, NY","16000US3650617","new-rochelle-ny",0.4989007871782143
0,"Owner Occupied",2013,"2013",989708,6969.999999999999,"New York, NY","16000US3651000","new-york-ny",0.3223491661070033
0,"Owner Occupied",2013,"2013",4473,163,"North New Hyde Park, NY","16000US3653275","north-new-hyde-park-ny",0.9677628732150584
0,"Owner Occupied",2013,"2013",4774,213,"North Valley Stream, NY","16000US3653748","north-valley-stream-ny",0.9129852744310576
0,"Owner Occupied",2013,"2013",1682,101,"Pelham Manor, NY","16000US3657023","pelham-manor-ny",0.9375696767001115
0,"Owner Occupied",2013,"2013",1535,129,"South Valley Stream, NY","16000US3669892","south-valley-stream-ny",0.7863729508196722
0,"Owner Occupied",2013,"2013",1404,95,"University Gardens, NY","16000US3676287","university-gardens-ny",0.924901185770751
0,"Owner Occupied",2013,"2013",9113,469,"Valley Stream, NY","16000US3676705","valley-stream-ny",0.8012837421964302
0,"Owner Occupied",2013,"2013",4603,191,"Woodmere, NY","16000US3682942","woodmere-ny",0.9066377782154816
0,"Owner Occupied",2013,"2013",34523,978,"Yonkers, NY","16000US3684000","yonkers-ny",0.47385903506965893
0,"Owner Occupied",2013,"2013",3714710,16837,"New York-Newark-Jersey City, NY-NJ-PA","31000US35620","new-york-newark-jersey-city-ny-nj-pa",0.5247680916092002